State,State Code,County,County Code,Year,Year Code,Month,Month Code,Avg Fine Particulate Matter (µg/m³),Cases
Arizona,4.0,Apache,4001.0,2003,2003.0,Jan,1,14.188,0
Arizona,4.0,Apache,4001.0,2003,2003.0,Feb,2,8.9236,0
Arizona,4.0,Apache,4001.0,2003,2003.0,Mar,3,8.8131,0
Arizona,4.0,Apache,4001.0,2003,2003.0,Apr,4,5.6767,0
Arizona,4.0,Apache,4001.0,2003,2003.0,May,5,10.2153,0
Arizona,4.0,Apache,4001.0,2003,2003.0,Jun,6,8.3975,0
Arizona,4.0,Apache,4001.0,2003,2003.0,Jul,7,10.563,0
Arizona,4.0,Apache,4001.0,2003,2003.0,Aug,8,7.6178,0
Arizona,4.0,Apache,4001.0,2003,2003.0,Sep,9,8.3071,0
Arizona,4.0,Apache,4001.0,2003,2003.0,Oct,10,10.1229,1
Arizona,4.0,Apache,4001.0,2003,2003.0,Nov,11,8.356,0
Arizona,4.0,Apache,4001.0,2003,2003.0,Dec,12,11.9015,0
Arizona,4.0,Apache,4001.0,2004,2004.0,Jan,1,12.3205,0
Arizona,4.0,Apache,4001.0,2004,2004.0,Feb,2,9.048,0
Arizona,4.0,Apache,4001.0,2004,2004.0,Mar,3,8.1759,0
Arizona,4.0,Apache,4001.0,2004,2004.0,Apr,4,7.1904,1
Arizona,4.0,Apache,4001.0,2004,2004.0,May,5,7.4761,0
Arizona,4.0,Apache,4001.0,2004,2004.0,Jun,6,7.9604,0
Arizona,4.0,Apache,4001.0,2004,2004.0,Jul,7,9.1968,1
Arizona,4.0,Apache,4001.0,2004,2004.0,Aug,8,7.1052,2
Arizona,4.0,Apache,4001.0,2004,2004.0,Sep,9,8.5628,1
Arizona,4.0,Apache,4001.0,2004,2004.0,Oct,10,6.4973,1
Arizona,4.0,Apache,4001.0,2004,2004.0,Nov,11,7.8906,0
Arizona,4.0,Apache,4001.0,2004,2004.0,Dec,12,11.4192,1
Arizona,4.0,Apache,4001.0,2005,2005.0,Jan,1,9.9296,1
Arizona,4.0,Apache,4001.0,2005,2005.0,Feb,2,7.4738,0
Arizona,4.0,Apache,4001.0,2005,2005.0,Mar,3,6.2491,0
Arizona,4.0,Apache,4001.0,2005,2005.0,Apr,4,6.6923,0
Arizona,4.0,Apache,4001.0,2005,2005.0,May,5,6.4572,0
Arizona,4.0,Apache,4001.0,2005,2005.0,Jun,6,9.7258,0
Arizona,4.0,Apache,4001.0,2005,2005.0,Jul,7,10.9981,0
Arizona,4.0,Apache,4001.0,2005,2005.0,Aug,8,8.2298,1
Arizona,4.0,Apache,4001.0,2005,2005.0,Sep,9,8.4756,0
Arizona,4.0,Apache,4001.0,2005,2005.0,Oct,10,8.3811,1
Arizona,4.0,Apache,4001.0,2005,2005.0,Nov,11,9.7011,0
Arizona,4.0,Apache,4001.0,2005,2005.0,Dec,12,12.4586,0
Arizona,4.0,Apache,4001.0,2006,2006.0,Jan,1,9.6257,0
Arizona,4.0,Apache,4001.0,2006,2006.0,Feb,2,9.4116,0
Arizona,4.0,Apache,4001.0,2006,2006.0,Mar,3,6.564,0
Arizona,4.0,Apache,4001.0,2006,2006.0,Apr,4,5.8597,0
Arizona,4.0,Apache,4001.0,2006,2006.0,May,5,7.5896,1
Arizona,4.0,Apache,4001.0,2006,2006.0,Jun,6,9.1725,0
Arizona,4.0,Apache,4001.0,2006,2006.0,Jul,7,8.5972,1
Arizona,4.0,Apache,4001.0,2006,2006.0,Aug,8,6.8818,0
Arizona,4.0,Apache,4001.0,2006,2006.0,Sep,9,6.7804,0
Arizona,4.0,Apache,4001.0,2006,2006.0,Oct,10,6.4192,0
Arizona,4.0,Apache,4001.0,2006,2006.0,Nov,11,9.3217,1
Arizona,4.0,Apache,4001.0,2006,2006.0,Dec,12,11.6432,1
Arizona,4.0,Apache,4001.0,2007,2007.0,Jan,1,13.4703,0
Arizona,4.0,Apache,4001.0,2007,2007.0,Feb,2,9.2227,0
Arizona,4.0,Apache,4001.0,2007,2007.0,Mar,3,6.0255,0
Arizona,4.0,Apache,4001.0,2007,2007.0,Apr,4,6.5003,1
Arizona,4.0,Apache,4001.0,2007,2007.0,May,5,5.9209,0
Arizona,4.0,Apache,4001.0,2007,2007.0,Jun,6,7.4329,0
Arizona,4.0,Apache,4001.0,2007,2007.0,Jul,7,8.6596,0
Arizona,4.0,Apache,4001.0,2007,2007.0,Aug,8,9.3424,1
Arizona,4.0,Apache,4001.0,2007,2007.0,Sep,9,7.7359,3
Arizona,4.0,Apache,4001.0,2007,2007.0,Oct,10,7.9777,0
Arizona,4.0,Apache,4001.0,2007,2007.0,Nov,11,11.3146,0
Arizona,4.0,Apache,4001.0,2007,2007.0,Dec,12,9.9564,0
Arizona,4.0,Apache,4001.0,2008,2008.0,Jan,1,9.3351,0
Arizona,4.0,Apache,4001.0,2008,2008.0,Feb,2,9.3522,1
Arizona,4.0,Apache,4001.0,2008,2008.0,Mar,3,7.4833,2
Arizona,4.0,Apache,4001.0,2008,2008.0,Apr,4,8.2247,0
Arizona,4.0,Apache,4001.0,2008,2008.0,May,5,8.2248,0
Arizona,4.0,Apache,4001.0,2008,2008.0,Jun,6,8.3791,0
Arizona,4.0,Apache,4001.0,2008,2008.0,Jul,7,14.4625,0
Arizona,4.0,Apache,4001.0,2008,2008.0,Aug,8,11.6515,1
Arizona,4.0,Apache,4001.0,2008,2008.0,Sep,9,12.8215,0
Arizona,4.0,Apache,4001.0,2008,2008.0,Oct,10,11.5833,1
Arizona,4.0,Apache,4001.0,2008,2008.0,Nov,11,11.1248,1
Arizona,4.0,Apache,4001.0,2008,2008.0,Dec,12,11.7781,1
Arizona,4.0,Apache,4001.0,2009,2009.0,Jan,1,17.0948,1
Arizona,4.0,Apache,4001.0,2009,2009.0,Feb,2,9.7381,1
Arizona,4.0,Apache,4001.0,2009,2009.0,Mar,3,8.7015,3
Arizona,4.0,Apache,4001.0,2009,2009.0,Apr,4,9.0648,0
Arizona,4.0,Apache,4001.0,2009,2009.0,May,5,11.2755,0
Arizona,4.0,Apache,4001.0,2009,2009.0,Jun,6,12.2188,0
Arizona,4.0,Apache,4001.0,2009,2009.0,Jul,7,13.9612,2
Arizona,4.0,Apache,4001.0,2009,2009.0,Aug,8,13.5105,2
Arizona,4.0,Apache,4001.0,2009,2009.0,Sep,9,12.1898,1
Arizona,4.0,Apache,4001.0,2009,2009.0,Oct,10,9.0301,0
Arizona,4.0,Apache,4001.0,2009,2009.0,Nov,11,16.3363,0
Arizona,4.0,Apache,4001.0,2009,2009.0,Dec,12,16.2273,1
Arizona,4.0,Apache,4001.0,2010,2010.0,Jan,1,14.183,1
Arizona,4.0,Apache,4001.0,2010,2010.0,Feb,2,9.4572,4
Arizona,4.0,Apache,4001.0,2010,2010.0,Mar,3,9.3785,2
Arizona,4.0,Apache,4001.0,2010,2010.0,Apr,4,9.3234,2
Arizona,4.0,Apache,4001.0,2010,2010.0,May,5,6.372,4
Arizona,4.0,Apache,4001.0,2010,2010.0,Jun,6,8.3634,0
Arizona,4.0,Apache,4001.0,2010,2010.0,Jul,7,8.9201,2
Arizona,4.0,Apache,4001.0,2010,2010.0,Aug,8,8.9454,3
Arizona,4.0,Apache,4001.0,2010,2010.0,Sep,9,8.7705,0
Arizona,4.0,Apache,4001.0,2010,2010.0,Oct,10,8.6754,2
Arizona,4.0,Apache,4001.0,2010,2010.0,Nov,11,10.2219,2
Arizona,4.0,Apache,4001.0,2010,2010.0,Dec,12,14.3754,1
Arizona,4.0,Apache,4001.0,2011,2011.0,Jan,1,16.1413,1
Arizona,4.0,Apache,4001.0,2011,2011.0,Feb,2,9.668,1
Arizona,4.0,Apache,4001.0,2011,2011.0,Mar,3,7.8545,0
Arizona,4.0,Apache,4001.0,2011,2011.0,Apr,4,6.3423,3
Arizona,4.0,Apache,4001.0,2011,2011.0,May,5,6.8558,3
Arizona,4.0,Apache,4001.0,2011,2011.0,Jun,6,9.2895,1
Arizona,4.0,Apache,4001.0,2011,2011.0,Jul,7,10.9851,0
Arizona,4.0,Apache,4001.0,2011,2011.0,Aug,8,9.8294,4
Arizona,4.0,Apache,4001.0,2011,2011.0,Sep,9,9.1557,1
Arizona,4.0,Apache,4001.0,2011,2011.0,Oct,10,8.7946,2
Arizona,4.0,Apache,4001.0,2011,2011.0,Nov,11,8.1853,1
Arizona,4.0,Apache,4001.0,2011,2011.0,Dec,12,14.5347,2
Arizona,4.0,Cochise,4003.0,2003,2003.0,Jan,1,14.3344,1
Arizona,4.0,Cochise,4003.0,2003,2003.0,Feb,2,9.0172,2
Arizona,4.0,Cochise,4003.0,2003,2003.0,Mar,3,10.8141,0
Arizona,4.0,Cochise,4003.0,2003,2003.0,Apr,4,8.5362,0
Arizona,4.0,Cochise,4003.0,2003,2003.0,May,5,13.2445,0
Arizona,4.0,Cochise,4003.0,2003,2003.0,Jun,6,10.4757,0
Arizona,4.0,Cochise,4003.0,2003,2003.0,Jul,7,11.3649,2
Arizona,4.0,Cochise,4003.0,2003,2003.0,Aug,8,9.471,0
Arizona,4.0,Cochise,4003.0,2003,2003.0,Sep,9,10.0147,0
Arizona,4.0,Cochise,4003.0,2003,2003.0,Oct,10,12.2108,0
Arizona,4.0,Cochise,4003.0,2003,2003.0,Nov,11,9.8944,0
Arizona,4.0,Cochise,4003.0,2003,2003.0,Dec,12,11.9235,0
Arizona,4.0,Cochise,4003.0,2004,2004.0,Jan,1,10.6033,0
Arizona,4.0,Cochise,4003.0,2004,2004.0,Feb,2,9.6492,0
Arizona,4.0,Cochise,4003.0,2004,2004.0,Mar,3,10.9564,0
Arizona,4.0,Cochise,4003.0,2004,2004.0,Apr,4,9.0016,1
Arizona,4.0,Cochise,4003.0,2004,2004.0,May,5,9.2589,2
Arizona,4.0,Cochise,4003.0,2004,2004.0,Jun,6,9.7128,0
Arizona,4.0,Cochise,4003.0,2004,2004.0,Jul,7,9.7239,0
Arizona,4.0,Cochise,4003.0,2004,2004.0,Aug,8,9.31,1
Arizona,4.0,Cochise,4003.0,2004,2004.0,Sep,9,11.0786,0
Arizona,4.0,Cochise,4003.0,2004,2004.0,Oct,10,8.2352,0
Arizona,4.0,Cochise,4003.0,2004,2004.0,Nov,11,7.5761,0
Arizona,4.0,Cochise,4003.0,2004,2004.0,Dec,12,10.1485,0
Arizona,4.0,Cochise,4003.0,2005,2005.0,Jan,1,8.438,0
Arizona,4.0,Cochise,4003.0,2005,2005.0,Feb,2,7.0659,1
Arizona,4.0,Cochise,4003.0,2005,2005.0,Mar,3,8.0846,0
Arizona,4.0,Cochise,4003.0,2005,2005.0,Apr,4,9.3768,1
Arizona,4.0,Cochise,4003.0,2005,2005.0,May,5,9.9665,1
Arizona,4.0,Cochise,4003.0,2005,2005.0,Jun,6,11.9637,2
Arizona,4.0,Cochise,4003.0,2005,2005.0,Jul,7,10.7677,0
Arizona,4.0,Cochise,4003.0,2005,2005.0,Aug,8,9.8932,2
Arizona,4.0,Cochise,4003.0,2005,2005.0,Sep,9,10.1092,1
Arizona,4.0,Cochise,4003.0,2005,2005.0,Oct,10,10.8057,1
Arizona,4.0,Cochise,4003.0,2005,2005.0,Nov,11,11.0814,3
Arizona,4.0,Cochise,4003.0,2005,2005.0,Dec,12,12.6056,1
Arizona,4.0,Cochise,4003.0,2006,2006.0,Jan,1,10.5602,3
Arizona,4.0,Cochise,4003.0,2006,2006.0,Feb,2,9.8541,4
Arizona,4.0,Cochise,4003.0,2006,2006.0,Mar,3,8.1082,1
Arizona,4.0,Cochise,4003.0,2006,2006.0,Apr,4,8.6743,1
Arizona,4.0,Cochise,4003.0,2006,2006.0,May,5,9.987,5
Arizona,4.0,Cochise,4003.0,2006,2006.0,Jun,6,11.7266,3
Arizona,4.0,Cochise,4003.0,2006,2006.0,Jul,7,8.5653,0
Arizona,4.0,Cochise,4003.0,2006,2006.0,Aug,8,8.2001,1
Arizona,4.0,Cochise,4003.0,2006,2006.0,Sep,9,7.1953,0
Arizona,4.0,Cochise,4003.0,2006,2006.0,Oct,10,7.8926,3
Arizona,4.0,Cochise,4003.0,2006,2006.0,Nov,11,9.9794,0
Arizona,4.0,Cochise,4003.0,2006,2006.0,Dec,12,10.8601,0
Arizona,4.0,Cochise,4003.0,2007,2007.0,Jan,1,9.3024,3
Arizona,4.0,Cochise,4003.0,2007,2007.0,Feb,2,10.1292,3
Arizona,4.0,Cochise,4003.0,2007,2007.0,Mar,3,7.8943,3
Arizona,4.0,Cochise,4003.0,2007,2007.0,Apr,4,8.5317,2
Arizona,4.0,Cochise,4003.0,2007,2007.0,May,5,7.9415,3
Arizona,4.0,Cochise,4003.0,2007,2007.0,Jun,6,11.3023,2
Arizona,4.0,Cochise,4003.0,2007,2007.0,Jul,7,10.44,3
Arizona,4.0,Cochise,4003.0,2007,2007.0,Aug,8,11.7636,1
Arizona,4.0,Cochise,4003.0,2007,2007.0,Sep,9,10.3934,1
Arizona,4.0,Cochise,4003.0,2007,2007.0,Oct,10,11.6465,3
Arizona,4.0,Cochise,4003.0,2007,2007.0,Nov,11,15.0775,4
Arizona,4.0,Cochise,4003.0,2007,2007.0,Dec,12,11.6371,4
Arizona,4.0,Cochise,4003.0,2008,2008.0,Jan,1,9.4012,2
Arizona,4.0,Cochise,4003.0,2008,2008.0,Feb,2,10.186,1
Arizona,4.0,Cochise,4003.0,2008,2008.0,Mar,3,11.4621,1
Arizona,4.0,Cochise,4003.0,2008,2008.0,Apr,4,12.6881,1
Arizona,4.0,Cochise,4003.0,2008,2008.0,May,5,11.583,1
Arizona,4.0,Cochise,4003.0,2008,2008.0,Jun,6,11.0894,3
Arizona,4.0,Cochise,4003.0,2008,2008.0,Jul,7,15.8761,1
Arizona,4.0,Cochise,4003.0,2008,2008.0,Aug,8,12.809,1
Arizona,4.0,Cochise,4003.0,2008,2008.0,Sep,9,15.2106,1
Arizona,4.0,Cochise,4003.0,2008,2008.0,Oct,10,14.431,2
Arizona,4.0,Cochise,4003.0,2008,2008.0,Nov,11,13.2454,1
Arizona,4.0,Cochise,4003.0,2008,2008.0,Dec,12,10.751,2
Arizona,4.0,Cochise,4003.0,2009,2009.0,Jan,1,15.8332,1
Arizona,4.0,Cochise,4003.0,2009,2009.0,Feb,2,9.8943,3
Arizona,4.0,Cochise,4003.0,2009,2009.0,Mar,3,12.2172,2
Arizona,4.0,Cochise,4003.0,2009,2009.0,Apr,4,11.5047,4
Arizona,4.0,Cochise,4003.0,2009,2009.0,May,5,12.8864,1
Arizona,4.0,Cochise,4003.0,2009,2009.0,Jun,6,12.9544,4
Arizona,4.0,Cochise,4003.0,2009,2009.0,Jul,7,14.5788,4
Arizona,4.0,Cochise,4003.0,2009,2009.0,Aug,8,14.1783,5
Arizona,4.0,Cochise,4003.0,2009,2009.0,Sep,9,12.731,3
Arizona,4.0,Cochise,4003.0,2009,2009.0,Oct,10,10.355,4
Arizona,4.0,Cochise,4003.0,2009,2009.0,Nov,11,15.3548,6
Arizona,4.0,Cochise,4003.0,2009,2009.0,Dec,12,12.6522,2
Arizona,4.0,Cochise,4003.0,2010,2010.0,Jan,1,13.5055,2
Arizona,4.0,Cochise,4003.0,2010,2010.0,Feb,2,10.0054,5
Arizona,4.0,Cochise,4003.0,2010,2010.0,Mar,3,10.3203,5
Arizona,4.0,Cochise,4003.0,2010,2010.0,Apr,4,10.608,3
Arizona,4.0,Cochise,4003.0,2010,2010.0,May,5,8.206,5
Arizona,4.0,Cochise,4003.0,2010,2010.0,Jun,6,9.8974,5
Arizona,4.0,Cochise,4003.0,2010,2010.0,Jul,7,8.3596,2
Arizona,4.0,Cochise,4003.0,2010,2010.0,Aug,8,8.3897,5
Arizona,4.0,Cochise,4003.0,2010,2010.0,Sep,9,8.2077,2
Arizona,4.0,Cochise,4003.0,2010,2010.0,Oct,10,8.262,5
Arizona,4.0,Cochise,4003.0,2010,2010.0,Nov,11,10.3518,6
Arizona,4.0,Cochise,4003.0,2010,2010.0,Dec,12,14.5315,3
Arizona,4.0,Cochise,4003.0,2011,2011.0,Jan,1,14.3513,7
Arizona,4.0,Cochise,4003.0,2011,2011.0,Feb,2,8.9705,3
Arizona,4.0,Cochise,4003.0,2011,2011.0,Mar,3,8.9904,7
Arizona,4.0,Cochise,4003.0,2011,2011.0,Apr,4,7.6985,5
Arizona,4.0,Cochise,4003.0,2011,2011.0,May,5,7.7086,8
Arizona,4.0,Cochise,4003.0,2011,2011.0,Jun,6,10.0926,6
Arizona,4.0,Cochise,4003.0,2011,2011.0,Jul,7,9.4093,4
Arizona,4.0,Cochise,4003.0,2011,2011.0,Aug,8,9.0446,10
Arizona,4.0,Cochise,4003.0,2011,2011.0,Sep,9,8.2141,7
Arizona,4.0,Cochise,4003.0,2011,2011.0,Oct,10,8.529,4
Arizona,4.0,Cochise,4003.0,2011,2011.0,Nov,11,7.9946,5
Arizona,4.0,Cochise,4003.0,2011,2011.0,Dec,12,12.6143,5
Arizona,4.0,Coconino,4005.0,2003,2003.0,Jan,1,17.0737,1
Arizona,4.0,Coconino,4005.0,2003,2003.0,Feb,2,9.7497,0
Arizona,4.0,Coconino,4005.0,2003,2003.0,Mar,3,10.1248,1
Arizona,4.0,Coconino,4005.0,2003,2003.0,Apr,4,6.0595,0
Arizona,4.0,Coconino,4005.0,2003,2003.0,May,5,11.4986,1
Arizona,4.0,Coconino,4005.0,2003,2003.0,Jun,6,9.5299,0
Arizona,4.0,Coconino,4005.0,2003,2003.0,Jul,7,11.7576,2
Arizona,4.0,Coconino,4005.0,2003,2003.0,Aug,8,8.3785,1
Arizona,4.0,Coconino,4005.0,2003,2003.0,Sep,9,10.7575,1
Arizona,4.0,Coconino,4005.0,2003,2003.0,Oct,10,13.2258,1
Arizona,4.0,Coconino,4005.0,2003,2003.0,Nov,11,10.4333,1
Arizona,4.0,Coconino,4005.0,2003,2003.0,Dec,12,13.5226,2
Arizona,4.0,Coconino,4005.0,2004,2004.0,Jan,1,15.2888,0
Arizona,4.0,Coconino,4005.0,2004,2004.0,Feb,2,10.1707,0
Arizona,4.0,Coconino,4005.0,2004,2004.0,Mar,3,10.4997,0
Arizona,4.0,Coconino,4005.0,2004,2004.0,Apr,4,8.3074,0
Arizona,4.0,Coconino,4005.0,2004,2004.0,May,5,8.1993,1
Arizona,4.0,Coconino,4005.0,2004,2004.0,Jun,6,9.1698,1
Arizona,4.0,Coconino,4005.0,2004,2004.0,Jul,7,10.1491,1
Arizona,4.0,Coconino,4005.0,2004,2004.0,Aug,8,8.4749,1
Arizona,4.0,Coconino,4005.0,2004,2004.0,Sep,9,9.6728,0
Arizona,4.0,Coconino,4005.0,2004,2004.0,Oct,10,8.1075,1
Arizona,4.0,Coconino,4005.0,2004,2004.0,Nov,11,10.2096,1
Arizona,4.0,Coconino,4005.0,2004,2004.0,Dec,12,12.9907,1
Arizona,4.0,Coconino,4005.0,2005,2005.0,Jan,1,11.838,2
Arizona,4.0,Coconino,4005.0,2005,2005.0,Feb,2,8.933,0
Arizona,4.0,Coconino,4005.0,2005,2005.0,Mar,3,7.4376,1
Arizona,4.0,Coconino,4005.0,2005,2005.0,Apr,4,7.7061,1
Arizona,4.0,Coconino,4005.0,2005,2005.0,May,5,7.4428,1
Arizona,4.0,Coconino,4005.0,2005,2005.0,Jun,6,10.5412,1
Arizona,4.0,Coconino,4005.0,2005,2005.0,Jul,7,12.2691,2
Arizona,4.0,Coconino,4005.0,2005,2005.0,Aug,8,9.9252,0
Arizona,4.0,Coconino,4005.0,2005,2005.0,Sep,9,10.0064,0
Arizona,4.0,Coconino,4005.0,2005,2005.0,Oct,10,9.9327,1
Arizona,4.0,Coconino,4005.0,2005,2005.0,Nov,11,11.4411,0
Arizona,4.0,Coconino,4005.0,2005,2005.0,Dec,12,14.9885,1
Arizona,4.0,Coconino,4005.0,2006,2006.0,Jan,1,11.4895,1
Arizona,4.0,Coconino,4005.0,2006,2006.0,Feb,2,11.7325,0
Arizona,4.0,Coconino,4005.0,2006,2006.0,Mar,3,6.9868,0
Arizona,4.0,Coconino,4005.0,2006,2006.0,Apr,4,5.8772,1
Arizona,4.0,Coconino,4005.0,2006,2006.0,May,5,7.8704,0
Arizona,4.0,Coconino,4005.0,2006,2006.0,Jun,6,9.1622,0
Arizona,4.0,Coconino,4005.0,2006,2006.0,Jul,7,9.4997,1
Arizona,4.0,Coconino,4005.0,2006,2006.0,Aug,8,7.9263,2
Arizona,4.0,Coconino,4005.0,2006,2006.0,Sep,9,8.251,1
Arizona,4.0,Coconino,4005.0,2006,2006.0,Oct,10,7.3373,0
Arizona,4.0,Coconino,4005.0,2006,2006.0,Nov,11,10.4372,1
Arizona,4.0,Coconino,4005.0,2006,2006.0,Dec,12,13.6559,4
Arizona,4.0,Coconino,4005.0,2007,2007.0,Jan,1,15.309,0
Arizona,4.0,Coconino,4005.0,2007,2007.0,Feb,2,10.4361,3
Arizona,4.0,Coconino,4005.0,2007,2007.0,Mar,3,7.6268,1
Arizona,4.0,Coconino,4005.0,2007,2007.0,Apr,4,7.1034,1
Arizona,4.0,Coconino,4005.0,2007,2007.0,May,5,7.006,1
Arizona,4.0,Coconino,4005.0,2007,2007.0,Jun,6,8.3213,0
Arizona,4.0,Coconino,4005.0,2007,2007.0,Jul,7,9.7833,0
Arizona,4.0,Coconino,4005.0,2007,2007.0,Aug,8,10.0718,3
Arizona,4.0,Coconino,4005.0,2007,2007.0,Sep,9,8.4078,0
Arizona,4.0,Coconino,4005.0,2007,2007.0,Oct,10,9.5714,2
Arizona,4.0,Coconino,4005.0,2007,2007.0,Nov,11,12.706,1
Arizona,4.0,Coconino,4005.0,2007,2007.0,Dec,12,11.1791,1
Arizona,4.0,Coconino,4005.0,2008,2008.0,Jan,1,10.8351,0
Arizona,4.0,Coconino,4005.0,2008,2008.0,Feb,2,10.7695,0
Arizona,4.0,Coconino,4005.0,2008,2008.0,Mar,3,9.0173,0
Arizona,4.0,Coconino,4005.0,2008,2008.0,Apr,4,8.656,1
Arizona,4.0,Coconino,4005.0,2008,2008.0,May,5,8.7959,0
Arizona,4.0,Coconino,4005.0,2008,2008.0,Jun,6,9.9254,1
Arizona,4.0,Coconino,4005.0,2008,2008.0,Jul,7,14.343,1
Arizona,4.0,Coconino,4005.0,2008,2008.0,Aug,8,11.2182,3
Arizona,4.0,Coconino,4005.0,2008,2008.0,Sep,9,12.3424,0
Arizona,4.0,Coconino,4005.0,2008,2008.0,Oct,10,11.761,0
Arizona,4.0,Coconino,4005.0,2008,2008.0,Nov,11,11.7153,0
Arizona,4.0,Coconino,4005.0,2008,2008.0,Dec,12,13.3835,0
Arizona,4.0,Coconino,4005.0,2009,2009.0,Jan,1,19.0679,0
Arizona,4.0,Coconino,4005.0,2009,2009.0,Feb,2,11.4438,2
Arizona,4.0,Coconino,4005.0,2009,2009.0,Mar,3,9.8444,1
Arizona,4.0,Coconino,4005.0,2009,2009.0,Apr,4,9.7427,1
Arizona,4.0,Coconino,4005.0,2009,2009.0,May,5,12.6803,1
Arizona,4.0,Coconino,4005.0,2009,2009.0,Jun,6,12.2991,2
Arizona,4.0,Coconino,4005.0,2009,2009.0,Jul,7,14.5181,1
Arizona,4.0,Coconino,4005.0,2009,2009.0,Aug,8,14.201,7
Arizona,4.0,Coconino,4005.0,2009,2009.0,Sep,9,12.927,6
Arizona,4.0,Coconino,4005.0,2009,2009.0,Oct,10,10.4329,2
Arizona,4.0,Coconino,4005.0,2009,2009.0,Nov,11,17.271,2
Arizona,4.0,Coconino,4005.0,2009,2009.0,Dec,12,17.9846,0
Arizona,4.0,Coconino,4005.0,2010,2010.0,Jan,1,15.1676,3
Arizona,4.0,Coconino,4005.0,2010,2010.0,Feb,2,9.9258,1
Arizona,4.0,Coconino,4005.0,2010,2010.0,Mar,3,10.2164,3
Arizona,4.0,Coconino,4005.0,2010,2010.0,Apr,4,9.627,2
Arizona,4.0,Coconino,4005.0,2010,2010.0,May,5,7.0545,3
Arizona,4.0,Coconino,4005.0,2010,2010.0,Jun,6,8.6318,6
Arizona,4.0,Coconino,4005.0,2010,2010.0,Jul,7,9.8276,5
Arizona,4.0,Coconino,4005.0,2010,2010.0,Aug,8,9.3877,1
Arizona,4.0,Coconino,4005.0,2010,2010.0,Sep,9,9.6041,4
Arizona,4.0,Coconino,4005.0,2010,2010.0,Oct,10,9.3238,5
Arizona,4.0,Coconino,4005.0,2010,2010.0,Nov,11,11.28,7
Arizona,4.0,Coconino,4005.0,2010,2010.0,Dec,12,14.9576,1
Arizona,4.0,Coconino,4005.0,2011,2011.0,Jan,1,17.4176,6
Arizona,4.0,Coconino,4005.0,2011,2011.0,Feb,2,11.0425,3
Arizona,4.0,Coconino,4005.0,2011,2011.0,Mar,3,8.7614,3
Arizona,4.0,Coconino,4005.0,2011,2011.0,Apr,4,6.9583,5
Arizona,4.0,Coconino,4005.0,2011,2011.0,May,5,7.4801,5
Arizona,4.0,Coconino,4005.0,2011,2011.0,Jun,6,9.0261,6
Arizona,4.0,Coconino,4005.0,2011,2011.0,Jul,7,10.7599,5
Arizona,4.0,Coconino,4005.0,2011,2011.0,Aug,8,9.768,5
Arizona,4.0,Coconino,4005.0,2011,2011.0,Sep,9,9.8742,4
Arizona,4.0,Coconino,4005.0,2011,2011.0,Oct,10,9.6632,8
Arizona,4.0,Coconino,4005.0,2011,2011.0,Nov,11,9.3378,4
Arizona,4.0,Coconino,4005.0,2011,2011.0,Dec,12,15.5609,3
Arizona,4.0,Gila,4007.0,2003,2003.0,Jan,1,16.9447,1
Arizona,4.0,Gila,4007.0,2003,2003.0,Feb,2,9.9076,0
Arizona,4.0,Gila,4007.0,2003,2003.0,Mar,3,11.0869,0
Arizona,4.0,Gila,4007.0,2003,2003.0,Apr,4,6.6331,0
Arizona,4.0,Gila,4007.0,2003,2003.0,May,5,12.0359,1
Arizona,4.0,Gila,4007.0,2003,2003.0,Jun,6,9.6153,1
Arizona,4.0,Gila,4007.0,2003,2003.0,Jul,7,12.1946,0
Arizona,4.0,Gila,4007.0,2003,2003.0,Aug,8,8.9886,1
Arizona,4.0,Gila,4007.0,2003,2003.0,Sep,9,9.7378,1
Arizona,4.0,Gila,4007.0,2003,2003.0,Oct,10,12.0241,1
Arizona,4.0,Gila,4007.0,2003,2003.0,Nov,11,9.5404,1
Arizona,4.0,Gila,4007.0,2003,2003.0,Dec,12,13.4534,0
Arizona,4.0,Gila,4007.0,2004,2004.0,Jan,1,12.7792,0
Arizona,4.0,Gila,4007.0,2004,2004.0,Feb,2,10.2075,1
Arizona,4.0,Gila,4007.0,2004,2004.0,Mar,3,10.8384,0
Arizona,4.0,Gila,4007.0,2004,2004.0,Apr,4,8.1129,1
Arizona,4.0,Gila,4007.0,2004,2004.0,May,5,8.6269,1
Arizona,4.0,Gila,4007.0,2004,2004.0,Jun,6,9.1253,2
Arizona,4.0,Gila,4007.0,2004,2004.0,Jul,7,9.7443,0
Arizona,4.0,Gila,4007.0,2004,2004.0,Aug,8,8.1663,1
Arizona,4.0,Gila,4007.0,2004,2004.0,Sep,9,10.4835,0
Arizona,4.0,Gila,4007.0,2004,2004.0,Oct,10,7.8018,2
Arizona,4.0,Gila,4007.0,2004,2004.0,Nov,11,8.6331,1
Arizona,4.0,Gila,4007.0,2004,2004.0,Dec,12,12.4886,0
Arizona,4.0,Gila,4007.0,2005,2005.0,Jan,1,10.0857,1
Arizona,4.0,Gila,4007.0,2005,2005.0,Feb,2,7.5874,0
Arizona,4.0,Gila,4007.0,2005,2005.0,Mar,3,8.2294,0
Arizona,4.0,Gila,4007.0,2005,2005.0,Apr,4,8.2653,0
Arizona,4.0,Gila,4007.0,2005,2005.0,May,5,8.2572,0
Arizona,4.0,Gila,4007.0,2005,2005.0,Jun,6,11.6138,1
Arizona,4.0,Gila,4007.0,2005,2005.0,Jul,7,11.4743,1
Arizona,4.0,Gila,4007.0,2005,2005.0,Aug,8,9.2055,0
Arizona,4.0,Gila,4007.0,2005,2005.0,Sep,9,9.2142,3
Arizona,4.0,Gila,4007.0,2005,2005.0,Oct,10,10.2228,0
Arizona,4.0,Gila,4007.0,2005,2005.0,Nov,11,11.384,0
Arizona,4.0,Gila,4007.0,2005,2005.0,Dec,12,14.9138,0
Arizona,4.0,Gila,4007.0,2006,2006.0,Jan,1,11.2538,0
Arizona,4.0,Gila,4007.0,2006,2006.0,Feb,2,11.5304,1
Arizona,4.0,Gila,4007.0,2006,2006.0,Mar,3,7.6372,2
Arizona,4.0,Gila,4007.0,2006,2006.0,Apr,4,7.3836,3
Arizona,4.0,Gila,4007.0,2006,2006.0,May,5,8.799,1
Arizona,4.0,Gila,4007.0,2006,2006.0,Jun,6,10.2988,2
Arizona,4.0,Gila,4007.0,2006,2006.0,Jul,7,9.2081,1
Arizona,4.0,Gila,4007.0,2006,2006.0,Aug,8,7.6794,0
Arizona,4.0,Gila,4007.0,2006,2006.0,Sep,9,7.5522,0
Arizona,4.0,Gila,4007.0,2006,2006.0,Oct,10,7.5582,1
Arizona,4.0,Gila,4007.0,2006,2006.0,Nov,11,10.713,3
Arizona,4.0,Gila,4007.0,2006,2006.0,Dec,12,13.3335,1
Arizona,4.0,Gila,4007.0,2007,2007.0,Jan,1,12.0503,1
Arizona,4.0,Gila,4007.0,2007,2007.0,Feb,2,10.1396,3
Arizona,4.0,Gila,4007.0,2007,2007.0,Mar,3,7.7615,1
Arizona,4.0,Gila,4007.0,2007,2007.0,Apr,4,8.0096,0
Arizona,4.0,Gila,4007.0,2007,2007.0,May,5,7.4184,1
Arizona,4.0,Gila,4007.0,2007,2007.0,Jun,6,9.2136,1
Arizona,4.0,Gila,4007.0,2007,2007.0,Jul,7,9.3966,2
Arizona,4.0,Gila,4007.0,2007,2007.0,Aug,8,10.6177,0
Arizona,4.0,Gila,4007.0,2007,2007.0,Sep,9,8.9794,1
Arizona,4.0,Gila,4007.0,2007,2007.0,Oct,10,10.2759,1
Arizona,4.0,Gila,4007.0,2007,2007.0,Nov,11,13.5796,4
Arizona,4.0,Gila,4007.0,2007,2007.0,Dec,12,11.7415,0
Arizona,4.0,Gila,4007.0,2008,2008.0,Jan,1,9.5739,1
Arizona,4.0,Gila,4007.0,2008,2008.0,Feb,2,10.7313,0
Arizona,4.0,Gila,4007.0,2008,2008.0,Mar,3,9.7308,2
Arizona,4.0,Gila,4007.0,2008,2008.0,Apr,4,11.1868,2
Arizona,4.0,Gila,4007.0,2008,2008.0,May,5,10.4656,3
Arizona,4.0,Gila,4007.0,2008,2008.0,Jun,6,10.3039,1
Arizona,4.0,Gila,4007.0,2008,2008.0,Jul,7,15.0774,2
Arizona,4.0,Gila,4007.0,2008,2008.0,Aug,8,12.6469,1
Arizona,4.0,Gila,4007.0,2008,2008.0,Sep,9,14.4696,1
Arizona,4.0,Gila,4007.0,2008,2008.0,Oct,10,13.6512,0
Arizona,4.0,Gila,4007.0,2008,2008.0,Nov,11,12.7561,2
Arizona,4.0,Gila,4007.0,2008,2008.0,Dec,12,13.3506,1
Arizona,4.0,Gila,4007.0,2009,2009.0,Jan,1,16.778,1
Arizona,4.0,Gila,4007.0,2009,2009.0,Feb,2,9.4345,2
Arizona,4.0,Gila,4007.0,2009,2009.0,Mar,3,11.1092,0
Arizona,4.0,Gila,4007.0,2009,2009.0,Apr,4,10.6101,2
Arizona,4.0,Gila,4007.0,2009,2009.0,May,5,12.7731,1
Arizona,4.0,Gila,4007.0,2009,2009.0,Jun,6,12.5605,2
Arizona,4.0,Gila,4007.0,2009,2009.0,Jul,7,14.636,4
Arizona,4.0,Gila,4007.0,2009,2009.0,Aug,8,13.8505,6
Arizona,4.0,Gila,4007.0,2009,2009.0,Sep,9,12.4901,2
Arizona,4.0,Gila,4007.0,2009,2009.0,Oct,10,10.202,2
Arizona,4.0,Gila,4007.0,2009,2009.0,Nov,11,16.3684,6
Arizona,4.0,Gila,4007.0,2009,2009.0,Dec,12,15.837,3
Arizona,4.0,Gila,4007.0,2010,2010.0,Jan,1,14.6658,7
Arizona,4.0,Gila,4007.0,2010,2010.0,Feb,2,9.7083,6
Arizona,4.0,Gila,4007.0,2010,2010.0,Mar,3,9.9001,3
Arizona,4.0,Gila,4007.0,2010,2010.0,Apr,4,8.9063,2
Arizona,4.0,Gila,4007.0,2010,2010.0,May,5,6.1436,6
Arizona,4.0,Gila,4007.0,2010,2010.0,Jun,6,8.0492,1
Arizona,4.0,Gila,4007.0,2010,2010.0,Jul,7,7.0877,3
Arizona,4.0,Gila,4007.0,2010,2010.0,Aug,8,7.0693,6
Arizona,4.0,Gila,4007.0,2010,2010.0,Sep,9,7.5581,2
Arizona,4.0,Gila,4007.0,2010,2010.0,Oct,10,7.3194,4
Arizona,4.0,Gila,4007.0,2010,2010.0,Nov,11,9.4875,2
Arizona,4.0,Gila,4007.0,2010,2010.0,Dec,12,13.7825,4
Arizona,4.0,Gila,4007.0,2011,2011.0,Jan,1,15.5922,3
Arizona,4.0,Gila,4007.0,2011,2011.0,Feb,2,8.9519,2
Arizona,4.0,Gila,4007.0,2011,2011.0,Mar,3,8.3961,2
Arizona,4.0,Gila,4007.0,2011,2011.0,Apr,4,6.5351,3
Arizona,4.0,Gila,4007.0,2011,2011.0,May,5,7.0993,4
Arizona,4.0,Gila,4007.0,2011,2011.0,Jun,6,9.0278,5
Arizona,4.0,Gila,4007.0,2011,2011.0,Jul,7,10.5778,4
Arizona,4.0,Gila,4007.0,2011,2011.0,Aug,8,9.8568,8
Arizona,4.0,Gila,4007.0,2011,2011.0,Sep,9,9.1254,5
Arizona,4.0,Gila,4007.0,2011,2011.0,Oct,10,8.3442,8
Arizona,4.0,Gila,4007.0,2011,2011.0,Nov,11,8.3276,1
Arizona,4.0,Gila,4007.0,2011,2011.0,Dec,12,14.1054,5
Arizona,4.0,Graham,4009.0,2003,2003.0,Jan,1,14.9759,0
Arizona,4.0,Graham,4009.0,2003,2003.0,Feb,2,9.4287,0
Arizona,4.0,Graham,4009.0,2003,2003.0,Mar,3,10.5165,0
Arizona,4.0,Graham,4009.0,2003,2003.0,Apr,4,7.0412,0
Arizona,4.0,Graham,4009.0,2003,2003.0,May,5,11.9064,0
Arizona,4.0,Graham,4009.0,2003,2003.0,Jun,6,9.7835,0
Arizona,4.0,Graham,4009.0,2003,2003.0,Jul,7,11.3835,1
Arizona,4.0,Graham,4009.0,2003,2003.0,Aug,8,8.307,1
Arizona,4.0,Graham,4009.0,2003,2003.0,Sep,9,8.911,0
Arizona,4.0,Graham,4009.0,2003,2003.0,Oct,10,11.0841,3
Arizona,4.0,Graham,4009.0,2003,2003.0,Nov,11,9.0455,0
Arizona,4.0,Graham,4009.0,2003,2003.0,Dec,12,11.6356,1
Arizona,4.0,Graham,4009.0,2004,2004.0,Jan,1,10.4722,0
Arizona,4.0,Graham,4009.0,2004,2004.0,Feb,2,8.8293,0
Arizona,4.0,Graham,4009.0,2004,2004.0,Mar,3,9.1874,1
Arizona,4.0,Graham,4009.0,2004,2004.0,Apr,4,8.0721,0
Arizona,4.0,Graham,4009.0,2004,2004.0,May,5,8.3207,1
Arizona,4.0,Graham,4009.0,2004,2004.0,Jun,6,8.4492,4
Arizona,4.0,Graham,4009.0,2004,2004.0,Jul,7,8.6201,1
Arizona,4.0,Graham,4009.0,2004,2004.0,Aug,8,7.2092,6
Arizona,4.0,Graham,4009.0,2004,2004.0,Sep,9,9.2635,1
Arizona,4.0,Graham,4009.0,2004,2004.0,Oct,10,7.013,2
Arizona,4.0,Graham,4009.0,2004,2004.0,Nov,11,7.2281,2
Arizona,4.0,Graham,4009.0,2004,2004.0,Dec,12,10.7913,0
Arizona,4.0,Graham,4009.0,2005,2005.0,Jan,1,8.7374,1
Arizona,4.0,Graham,4009.0,2005,2005.0,Feb,2,6.6121,1
Arizona,4.0,Graham,4009.0,2005,2005.0,Mar,3,7.4159,1
Arizona,4.0,Graham,4009.0,2005,2005.0,Apr,4,8.4377,0
Arizona,4.0,Graham,4009.0,2005,2005.0,May,5,8.4448,0
Arizona,4.0,Graham,4009.0,2005,2005.0,Jun,6,10.9318,2
Arizona,4.0,Graham,4009.0,2005,2005.0,Jul,7,10.1466,1
Arizona,4.0,Graham,4009.0,2005,2005.0,Aug,8,8.1272,2
Arizona,4.0,Graham,4009.0,2005,2005.0,Sep,9,8.256,3
Arizona,4.0,Graham,4009.0,2005,2005.0,Oct,10,9.3828,4
Arizona,4.0,Graham,4009.0,2005,2005.0,Nov,11,10.3544,1
Arizona,4.0,Graham,4009.0,2005,2005.0,Dec,12,12.9575,0
Arizona,4.0,Graham,4009.0,2006,2006.0,Jan,1,10.0857,3
Arizona,4.0,Graham,4009.0,2006,2006.0,Feb,2,9.5921,2
Arizona,4.0,Graham,4009.0,2006,2006.0,Mar,3,6.8218,2
Arizona,4.0,Graham,4009.0,2006,2006.0,Apr,4,7.5662,2
Arizona,4.0,Graham,4009.0,2006,2006.0,May,5,8.7143,0
Arizona,4.0,Graham,4009.0,2006,2006.0,Jun,6,10.1642,0
Arizona,4.0,Graham,4009.0,2006,2006.0,Jul,7,7.975,1
Arizona,4.0,Graham,4009.0,2006,2006.0,Aug,8,6.8399,0
Arizona,4.0,Graham,4009.0,2006,2006.0,Sep,9,6.5888,0
Arizona,4.0,Graham,4009.0,2006,2006.0,Oct,10,7.1208,1
Arizona,4.0,Graham,4009.0,2006,2006.0,Nov,11,9.5008,2
Arizona,4.0,Graham,4009.0,2006,2006.0,Dec,12,11.5848,2
Arizona,4.0,Graham,4009.0,2007,2007.0,Jan,1,10.2551,2
Arizona,4.0,Graham,4009.0,2007,2007.0,Feb,2,9.2255,7
Arizona,4.0,Graham,4009.0,2007,2007.0,Mar,3,6.943,3
Arizona,4.0,Graham,4009.0,2007,2007.0,Apr,4,7.5418,1
Arizona,4.0,Graham,4009.0,2007,2007.0,May,5,7.2417,1
Arizona,4.0,Graham,4009.0,2007,2007.0,Jun,6,10.0574,1
Arizona,4.0,Graham,4009.0,2007,2007.0,Jul,7,10.1804,1
Arizona,4.0,Graham,4009.0,2007,2007.0,Aug,8,11.2845,0
Arizona,4.0,Graham,4009.0,2007,2007.0,Sep,9,9.4079,2
Arizona,4.0,Graham,4009.0,2007,2007.0,Oct,10,10.996,2
Arizona,4.0,Graham,4009.0,2007,2007.0,Nov,11,14.3018,0
Arizona,4.0,Graham,4009.0,2007,2007.0,Dec,12,11.2757,4
Arizona,4.0,Graham,4009.0,2008,2008.0,Jan,1,9.5041,3
Arizona,4.0,Graham,4009.0,2008,2008.0,Feb,2,10.2777,0
Arizona,4.0,Graham,4009.0,2008,2008.0,Mar,3,10.9589,0
Arizona,4.0,Graham,4009.0,2008,2008.0,Apr,4,12.4693,0
Arizona,4.0,Graham,4009.0,2008,2008.0,May,5,11.4623,1
Arizona,4.0,Graham,4009.0,2008,2008.0,Jun,6,10.9824,0
Arizona,4.0,Graham,4009.0,2008,2008.0,Jul,7,16.1375,1
Arizona,4.0,Graham,4009.0,2008,2008.0,Aug,8,13.0854,2
Arizona,4.0,Graham,4009.0,2008,2008.0,Sep,9,15.529,1
Arizona,4.0,Graham,4009.0,2008,2008.0,Oct,10,14.6397,0
Arizona,4.0,Graham,4009.0,2008,2008.0,Nov,11,13.7714,2
Arizona,4.0,Graham,4009.0,2008,2008.0,Dec,12,12.2511,2
Arizona,4.0,Graham,4009.0,2009,2009.0,Jan,1,16.3687,2
Arizona,4.0,Graham,4009.0,2009,2009.0,Feb,2,9.3325,0
Arizona,4.0,Graham,4009.0,2009,2009.0,Mar,3,11.9472,1
Arizona,4.0,Graham,4009.0,2009,2009.0,Apr,4,11.1918,0
Arizona,4.0,Graham,4009.0,2009,2009.0,May,5,12.7523,0
Arizona,4.0,Graham,4009.0,2009,2009.0,Jun,6,12.7291,2
Arizona,4.0,Graham,4009.0,2009,2009.0,Jul,7,14.6038,1
Arizona,4.0,Graham,4009.0,2009,2009.0,Aug,8,14.1098,2
Arizona,4.0,Graham,4009.0,2009,2009.0,Sep,9,12.4278,0
Arizona,4.0,Graham,4009.0,2009,2009.0,Oct,10,10.493,2
Arizona,4.0,Graham,4009.0,2009,2009.0,Nov,11,15.8813,2
Arizona,4.0,Graham,4009.0,2009,2009.0,Dec,12,13.5936,1
Arizona,4.0,Graham,4009.0,2010,2010.0,Jan,1,13.961,2
Arizona,4.0,Graham,4009.0,2010,2010.0,Feb,2,10.1739,4
Arizona,4.0,Graham,4009.0,2010,2010.0,Mar,3,10.545,1
Arizona,4.0,Graham,4009.0,2010,2010.0,Apr,4,9.9644,1
Arizona,4.0,Graham,4009.0,2010,2010.0,May,5,7.0993,1
Arizona,4.0,Graham,4009.0,2010,2010.0,Jun,6,9.0412,1
Arizona,4.0,Graham,4009.0,2010,2010.0,Jul,7,7.4003,0
Arizona,4.0,Graham,4009.0,2010,2010.0,Aug,8,7.5418,1
Arizona,4.0,Graham,4009.0,2010,2010.0,Sep,9,7.6658,5
Arizona,4.0,Graham,4009.0,2010,2010.0,Oct,10,7.7216,3
Arizona,4.0,Graham,4009.0,2010,2010.0,Nov,11,9.7602,2
Arizona,4.0,Graham,4009.0,2010,2010.0,Dec,12,14.7936,3
Arizona,4.0,Graham,4009.0,2011,2011.0,Jan,1,14.4014,3
Arizona,4.0,Graham,4009.0,2011,2011.0,Feb,2,8.4489,4
Arizona,4.0,Graham,4009.0,2011,2011.0,Mar,3,8.3997,2
Arizona,4.0,Graham,4009.0,2011,2011.0,Apr,4,7.0671,3
Arizona,4.0,Graham,4009.0,2011,2011.0,May,5,7.186,5
Arizona,4.0,Graham,4009.0,2011,2011.0,Jun,6,9.4515,0
Arizona,4.0,Graham,4009.0,2011,2011.0,Jul,7,10.1582,7
Arizona,4.0,Graham,4009.0,2011,2011.0,Aug,8,9.3872,3
Arizona,4.0,Graham,4009.0,2011,2011.0,Sep,9,8.4553,3
Arizona,4.0,Graham,4009.0,2011,2011.0,Oct,10,8.2303,3
Arizona,4.0,Graham,4009.0,2011,2011.0,Nov,11,7.7792,1
Arizona,4.0,Graham,4009.0,2011,2011.0,Dec,12,13.0175,1
Arizona,4.0,Greenlee,4011.0,2003,2003.0,Jan,1,14.3734,0
Arizona,4.0,Greenlee,4011.0,2003,2003.0,Feb,2,9.2885,0
Arizona,4.0,Greenlee,4011.0,2003,2003.0,Mar,3,10.067,0
Arizona,4.0,Greenlee,4011.0,2003,2003.0,Apr,4,6.9783,0
Arizona,4.0,Greenlee,4011.0,2003,2003.0,May,5,12.3432,0
Arizona,4.0,Greenlee,4011.0,2003,2003.0,Jun,6,9.8533,0
Arizona,4.0,Greenlee,4011.0,2003,2003.0,Jul,7,11.6167,0
Arizona,4.0,Greenlee,4011.0,2003,2003.0,Aug,8,8.7763,0
Arizona,4.0,Greenlee,4011.0,2003,2003.0,Sep,9,8.7688,0
Arizona,4.0,Greenlee,4011.0,2003,2003.0,Oct,10,10.5993,0
Arizona,4.0,Greenlee,4011.0,2003,2003.0,Nov,11,8.6779,0
Arizona,4.0,Greenlee,4011.0,2003,2003.0,Dec,12,11.5283,0
Arizona,4.0,Greenlee,4011.0,2004,2004.0,Jan,1,10.2801,0
Arizona,4.0,Greenlee,4011.0,2004,2004.0,Feb,2,8.9804,0
Arizona,4.0,Greenlee,4011.0,2004,2004.0,Mar,3,8.7273,0
Arizona,4.0,Greenlee,4011.0,2004,2004.0,Apr,4,8.0079,0
Arizona,4.0,Greenlee,4011.0,2004,2004.0,May,5,8.3266,0
Arizona,4.0,Greenlee,4011.0,2004,2004.0,Jun,6,8.573,0
Arizona,4.0,Greenlee,4011.0,2004,2004.0,Jul,7,9.4397,0
Arizona,4.0,Greenlee,4011.0,2004,2004.0,Aug,8,7.7075,0
Arizona,4.0,Greenlee,4011.0,2004,2004.0,Sep,9,9.7176,0
Arizona,4.0,Greenlee,4011.0,2004,2004.0,Oct,10,6.6315,0
Arizona,4.0,Greenlee,4011.0,2004,2004.0,Nov,11,7.0437,0
Arizona,4.0,Greenlee,4011.0,2004,2004.0,Dec,12,10.5259,0
Arizona,4.0,Greenlee,4011.0,2005,2005.0,Jan,1,8.5027,0
Arizona,4.0,Greenlee,4011.0,2005,2005.0,Feb,2,6.9151,0
Arizona,4.0,Greenlee,4011.0,2005,2005.0,Mar,3,7.0821,0
Arizona,4.0,Greenlee,4011.0,2005,2005.0,Apr,4,7.9527,0
Arizona,4.0,Greenlee,4011.0,2005,2005.0,May,5,8.022,0
Arizona,4.0,Greenlee,4011.0,2005,2005.0,Jun,6,11.2934,1
Arizona,4.0,Greenlee,4011.0,2005,2005.0,Jul,7,10.7285,0
Arizona,4.0,Greenlee,4011.0,2005,2005.0,Aug,8,8.5768,0
Arizona,4.0,Greenlee,4011.0,2005,2005.0,Sep,9,8.723,0
Arizona,4.0,Greenlee,4011.0,2005,2005.0,Oct,10,9.2855,0
Arizona,4.0,Greenlee,4011.0,2005,2005.0,Nov,11,9.9799,0
Arizona,4.0,Greenlee,4011.0,2005,2005.0,Dec,12,12.523,0
Arizona,4.0,Greenlee,4011.0,2006,2006.0,Jan,1,9.2178,0
Arizona,4.0,Greenlee,4011.0,2006,2006.0,Feb,2,9.0197,0
Arizona,4.0,Greenlee,4011.0,2006,2006.0,Mar,3,6.9155,0
Arizona,4.0,Greenlee,4011.0,2006,2006.0,Apr,4,7.4136,1
Arizona,4.0,Greenlee,4011.0,2006,2006.0,May,5,8.5968,0
Arizona,4.0,Greenlee,4011.0,2006,2006.0,Jun,6,10.5513,0
Arizona,4.0,Greenlee,4011.0,2006,2006.0,Jul,7,8.5474,0
Arizona,4.0,Greenlee,4011.0,2006,2006.0,Aug,8,7.1656,0
Arizona,4.0,Greenlee,4011.0,2006,2006.0,Sep,9,6.6437,0
Arizona,4.0,Greenlee,4011.0,2006,2006.0,Oct,10,7.0918,0
Arizona,4.0,Greenlee,4011.0,2006,2006.0,Nov,11,9.234,0
Arizona,4.0,Greenlee,4011.0,2006,2006.0,Dec,12,11.2388,1
Arizona,4.0,Greenlee,4011.0,2007,2007.0,Jan,1,10.0537,0
Arizona,4.0,Greenlee,4011.0,2007,2007.0,Feb,2,9.0152,0
Arizona,4.0,Greenlee,4011.0,2007,2007.0,Mar,3,6.2031,0
Arizona,4.0,Greenlee,4011.0,2007,2007.0,Apr,4,7.3936,0
Arizona,4.0,Greenlee,4011.0,2007,2007.0,May,5,6.7665,0
Arizona,4.0,Greenlee,4011.0,2007,2007.0,Jun,6,9.3054,0
Arizona,4.0,Greenlee,4011.0,2007,2007.0,Jul,7,9.4859,0
Arizona,4.0,Greenlee,4011.0,2007,2007.0,Aug,8,10.9218,1
Arizona,4.0,Greenlee,4011.0,2007,2007.0,Sep,9,9.1143,1
Arizona,4.0,Greenlee,4011.0,2007,2007.0,Oct,10,10.0969,0
Arizona,4.0,Greenlee,4011.0,2007,2007.0,Nov,11,13.4939,0
Arizona,4.0,Greenlee,4011.0,2007,2007.0,Dec,12,10.7667,0
Arizona,4.0,Greenlee,4011.0,2008,2008.0,Jan,1,8.6473,0
Arizona,4.0,Greenlee,4011.0,2008,2008.0,Feb,2,9.274,0
Arizona,4.0,Greenlee,4011.0,2008,2008.0,Mar,3,9.594,1
Arizona,4.0,Greenlee,4011.0,2008,2008.0,Apr,4,11.6333,0
Arizona,4.0,Greenlee,4011.0,2008,2008.0,May,5,10.8755,0
Arizona,4.0,Greenlee,4011.0,2008,2008.0,Jun,6,10.1452,0
Arizona,4.0,Greenlee,4011.0,2008,2008.0,Jul,7,16.5198,0
Arizona,4.0,Greenlee,4011.0,2008,2008.0,Aug,8,13.2366,0
Arizona,4.0,Greenlee,4011.0,2008,2008.0,Sep,9,15.4879,0
Arizona,4.0,Greenlee,4011.0,2008,2008.0,Oct,10,14.1667,0
Arizona,4.0,Greenlee,4011.0,2008,2008.0,Nov,11,13.3008,0
Arizona,4.0,Greenlee,4011.0,2008,2008.0,Dec,12,11.6528,0
Arizona,4.0,Greenlee,4011.0,2009,2009.0,Jan,1,15.7246,1
Arizona,4.0,Greenlee,4011.0,2009,2009.0,Feb,2,8.6638,0
Arizona,4.0,Greenlee,4011.0,2009,2009.0,Mar,3,10.7484,0
Arizona,4.0,Greenlee,4011.0,2009,2009.0,Apr,4,10.8007,0
Arizona,4.0,Greenlee,4011.0,2009,2009.0,May,5,12.3314,1
Arizona,4.0,Greenlee,4011.0,2009,2009.0,Jun,6,12.819,0
Arizona,4.0,Greenlee,4011.0,2009,2009.0,Jul,7,14.6968,0
Arizona,4.0,Greenlee,4011.0,2009,2009.0,Aug,8,13.9803,0
Arizona,4.0,Greenlee,4011.0,2009,2009.0,Sep,9,12.1728,0
Arizona,4.0,Greenlee,4011.0,2009,2009.0,Oct,10,9.788,0
Arizona,4.0,Greenlee,4011.0,2009,2009.0,Nov,11,15.6362,0
Arizona,4.0,Greenlee,4011.0,2009,2009.0,Dec,12,13.4232,0
Arizona,4.0,Greenlee,4011.0,2010,2010.0,Jan,1,13.5699,0
Arizona,4.0,Greenlee,4011.0,2010,2010.0,Feb,2,9.7173,0
Arizona,4.0,Greenlee,4011.0,2010,2010.0,Mar,3,9.7975,0
Arizona,4.0,Greenlee,4011.0,2010,2010.0,Apr,4,9.8522,0
Arizona,4.0,Greenlee,4011.0,2010,2010.0,May,5,6.8952,0
Arizona,4.0,Greenlee,4011.0,2010,2010.0,Jun,6,9.1593,0
Arizona,4.0,Greenlee,4011.0,2010,2010.0,Jul,7,7.8103,0
Arizona,4.0,Greenlee,4011.0,2010,2010.0,Aug,8,8.0367,0
Arizona,4.0,Greenlee,4011.0,2010,2010.0,Sep,9,7.8019,0
Arizona,4.0,Greenlee,4011.0,2010,2010.0,Oct,10,7.974,0
Arizona,4.0,Greenlee,4011.0,2010,2010.0,Nov,11,9.6602,0
Arizona,4.0,Greenlee,4011.0,2010,2010.0,Dec,12,14.6005,1
Arizona,4.0,Greenlee,4011.0,2011,2011.0,Jan,1,14.3433,0
Arizona,4.0,Greenlee,4011.0,2011,2011.0,Feb,2,8.5397,0
Arizona,4.0,Greenlee,4011.0,2011,2011.0,Mar,3,8.3578,0
Arizona,4.0,Greenlee,4011.0,2011,2011.0,Apr,4,7.1283,0
Arizona,4.0,Greenlee,4011.0,2011,2011.0,May,5,7.2789,0
Arizona,4.0,Greenlee,4011.0,2011,2011.0,Jun,6,9.924,0
Arizona,4.0,Greenlee,4011.0,2011,2011.0,Jul,7,10.7216,0
Arizona,4.0,Greenlee,4011.0,2011,2011.0,Aug,8,10.13,0
Arizona,4.0,Greenlee,4011.0,2011,2011.0,Sep,9,8.6736,0
Arizona,4.0,Greenlee,4011.0,2011,2011.0,Oct,10,8.5178,1
Arizona,4.0,Greenlee,4011.0,2011,2011.0,Nov,11,7.8684,0
Arizona,4.0,Greenlee,4011.0,2011,2011.0,Dec,12,13.2754,0
Arizona,4.0,La Paz,4012.0,2003,2003.0,Jan,1,19.2463,3
Arizona,4.0,La Paz,4012.0,2003,2003.0,Feb,2,13.3577,0
Arizona,4.0,La Paz,4012.0,2003,2003.0,Mar,3,14.989,0
Arizona,4.0,La Paz,4012.0,2003,2003.0,Apr,4,8.8524,1
Arizona,4.0,La Paz,4012.0,2003,2003.0,May,5,16.6834,0
Arizona,4.0,La Paz,4012.0,2003,2003.0,Jun,6,15.4601,0
Arizona,4.0,La Paz,4012.0,2003,2003.0,Jul,7,16.0498,0
Arizona,4.0,La Paz,4012.0,2003,2003.0,Aug,8,11.721,0
Arizona,4.0,La Paz,4012.0,2003,2003.0,Sep,9,16.4697,1
Arizona,4.0,La Paz,4012.0,2003,2003.0,Oct,10,19.3216,0
Arizona,4.0,La Paz,4012.0,2003,2003.0,Nov,11,13.9434,1
Arizona,4.0,La Paz,4012.0,2003,2003.0,Dec,12,16.8486,0
Arizona,4.0,La Paz,4012.0,2004,2004.0,Jan,1,17.117,2
Arizona,4.0,La Paz,4012.0,2004,2004.0,Feb,2,13.3366,0
Arizona,4.0,La Paz,4012.0,2004,2004.0,Mar,3,17.0398,0
Arizona,4.0,La Paz,4012.0,2004,2004.0,Apr,4,11.9065,0
Arizona,4.0,La Paz,4012.0,2004,2004.0,May,5,11.82,0
Arizona,4.0,La Paz,4012.0,2004,2004.0,Jun,6,15.3929,1
Arizona,4.0,La Paz,4012.0,2004,2004.0,Jul,7,13.5862,1
Arizona,4.0,La Paz,4012.0,2004,2004.0,Aug,8,12.1494,0
Arizona,4.0,La Paz,4012.0,2004,2004.0,Sep,9,12.0028,1
Arizona,4.0,La Paz,4012.0,2004,2004.0,Oct,10,11.9504,1
Arizona,4.0,La Paz,4012.0,2004,2004.0,Nov,11,13.4786,1
Arizona,4.0,La Paz,4012.0,2004,2004.0,Dec,12,15.7709,0
Arizona,4.0,La Paz,4012.0,2005,2005.0,Jan,1,11.2109,0
Arizona,4.0,La Paz,4012.0,2005,2005.0,Feb,2,9.1147,1
Arizona,4.0,La Paz,4012.0,2005,2005.0,Mar,3,10.6258,3
Arizona,4.0,La Paz,4012.0,2005,2005.0,Apr,4,11.0586,2
Arizona,4.0,La Paz,4012.0,2005,2005.0,May,5,11.5346,0
Arizona,4.0,La Paz,4012.0,2005,2005.0,Jun,6,12.7741,1
Arizona,4.0,La Paz,4012.0,2005,2005.0,Jul,7,14.8015,0
Arizona,4.0,La Paz,4012.0,2005,2005.0,Aug,8,12.6624,0
Arizona,4.0,La Paz,4012.0,2005,2005.0,Sep,9,12.8629,0
Arizona,4.0,La Paz,4012.0,2005,2005.0,Oct,10,14.188,0
Arizona,4.0,La Paz,4012.0,2005,2005.0,Nov,11,14.8738,1
Arizona,4.0,La Paz,4012.0,2005,2005.0,Dec,12,18.5503,2
Arizona,4.0,La Paz,4012.0,2006,2006.0,Jan,1,14.1228,1
Arizona,4.0,La Paz,4012.0,2006,2006.0,Feb,2,15.0534,1
Arizona,4.0,La Paz,4012.0,2006,2006.0,Mar,3,10.2631,1
Arizona,4.0,La Paz,4012.0,2006,2006.0,Apr,4,7.9265,1
Arizona,4.0,La Paz,4012.0,2006,2006.0,May,5,10.6606,1
Arizona,4.0,La Paz,4012.0,2006,2006.0,Jun,6,11.9435,1
Arizona,4.0,La Paz,4012.0,2006,2006.0,Jul,7,10.9745,1
Arizona,4.0,La Paz,4012.0,2006,2006.0,Aug,8,9.6261,0
Arizona,4.0,La Paz,4012.0,2006,2006.0,Sep,9,10.3666,0
Arizona,4.0,La Paz,4012.0,2006,2006.0,Oct,10,9.7885,1
Arizona,4.0,La Paz,4012.0,2006,2006.0,Nov,11,13.4755,0
Arizona,4.0,La Paz,4012.0,2006,2006.0,Dec,12,16.9548,2
Arizona,4.0,La Paz,4012.0,2007,2007.0,Jan,1,14.8094,0
Arizona,4.0,La Paz,4012.0,2007,2007.0,Feb,2,11.7527,3
Arizona,4.0,La Paz,4012.0,2007,2007.0,Mar,3,9.7976,3
Arizona,4.0,La Paz,4012.0,2007,2007.0,Apr,4,8.8136,0
Arizona,4.0,La Paz,4012.0,2007,2007.0,May,5,8.808,0
Arizona,4.0,La Paz,4012.0,2007,2007.0,Jun,6,10.6602,1
Arizona,4.0,La Paz,4012.0,2007,2007.0,Jul,7,9.9188,2
Arizona,4.0,La Paz,4012.0,2007,2007.0,Aug,8,10.8753,1
Arizona,4.0,La Paz,4012.0,2007,2007.0,Sep,9,9.0065,1
Arizona,4.0,La Paz,4012.0,2007,2007.0,Oct,10,13.4192,2
Arizona,4.0,La Paz,4012.0,2007,2007.0,Nov,11,15.6563,2
Arizona,4.0,La Paz,4012.0,2007,2007.0,Dec,12,13.8479,1
Arizona,4.0,La Paz,4012.0,2008,2008.0,Jan,1,10.7051,0
Arizona,4.0,La Paz,4012.0,2008,2008.0,Feb,2,10.9395,0
Arizona,4.0,La Paz,4012.0,2008,2008.0,Mar,3,11.3758,0
Arizona,4.0,La Paz,4012.0,2008,2008.0,Apr,4,11.6637,0
Arizona,4.0,La Paz,4012.0,2008,2008.0,May,5,11.1611,1
Arizona,4.0,La Paz,4012.0,2008,2008.0,Jun,6,11.8443,1
Arizona,4.0,La Paz,4012.0,2008,2008.0,Jul,7,14.8163,0
Arizona,4.0,La Paz,4012.0,2008,2008.0,Aug,8,11.9605,0
Arizona,4.0,La Paz,4012.0,2008,2008.0,Sep,9,14.0976,0
Arizona,4.0,La Paz,4012.0,2008,2008.0,Oct,10,13.5596,1
Arizona,4.0,La Paz,4012.0,2008,2008.0,Nov,11,12.8391,2
Arizona,4.0,La Paz,4012.0,2008,2008.0,Dec,12,14.8627,1
Arizona,4.0,La Paz,4012.0,2009,2009.0,Jan,1,18.409,3
Arizona,4.0,La Paz,4012.0,2009,2009.0,Feb,2,10.1789,1
Arizona,4.0,La Paz,4012.0,2009,2009.0,Mar,3,12.7497,2
Arizona,4.0,La Paz,4012.0,2009,2009.0,Apr,4,11.3404,3
Arizona,4.0,La Paz,4012.0,2009,2009.0,May,5,14.5229,0
Arizona,4.0,La Paz,4012.0,2009,2009.0,Jun,6,11.9918,0
Arizona,4.0,La Paz,4012.0,2009,2009.0,Jul,7,15.8759,0
Arizona,4.0,La Paz,4012.0,2009,2009.0,Aug,8,14.8256,1
Arizona,4.0,La Paz,4012.0,2009,2009.0,Sep,9,14.0467,3
Arizona,4.0,La Paz,4012.0,2009,2009.0,Oct,10,13.0738,0
Arizona,4.0,La Paz,4012.0,2009,2009.0,Nov,11,18.4365,4
Arizona,4.0,La Paz,4012.0,2009,2009.0,Dec,12,17.5498,4
Arizona,4.0,La Paz,4012.0,2010,2010.0,Jan,1,14.9831,2
Arizona,4.0,La Paz,4012.0,2010,2010.0,Feb,2,10.6327,3
Arizona,4.0,La Paz,4012.0,2010,2010.0,Mar,3,11.0202,2
Arizona,4.0,La Paz,4012.0,2010,2010.0,Apr,4,9.5643,1
Arizona,4.0,La Paz,4012.0,2010,2010.0,May,5,7.1832,0
Arizona,4.0,La Paz,4012.0,2010,2010.0,Jun,6,7.5199,2
Arizona,4.0,La Paz,4012.0,2010,2010.0,Jul,7,7.9971,4
Arizona,4.0,La Paz,4012.0,2010,2010.0,Aug,8,6.6637,0
Arizona,4.0,La Paz,4012.0,2010,2010.0,Sep,9,8.1509,1
Arizona,4.0,La Paz,4012.0,2010,2010.0,Oct,10,7.9159,2
Arizona,4.0,La Paz,4012.0,2010,2010.0,Nov,11,11.2271,4
Arizona,4.0,La Paz,4012.0,2010,2010.0,Dec,12,15.6887,5
Arizona,4.0,La Paz,4012.0,2011,2011.0,Jan,1,16.0656,7
Arizona,4.0,La Paz,4012.0,2011,2011.0,Feb,2,11.2458,5
Arizona,4.0,La Paz,4012.0,2011,2011.0,Mar,3,9.3564,4
Arizona,4.0,La Paz,4012.0,2011,2011.0,Apr,4,7.2048,3
Arizona,4.0,La Paz,4012.0,2011,2011.0,May,5,8.1253,3
Arizona,4.0,La Paz,4012.0,2011,2011.0,Jun,6,7.9893,3
Arizona,4.0,La Paz,4012.0,2011,2011.0,Jul,7,9.8258,6
Arizona,4.0,La Paz,4012.0,2011,2011.0,Aug,8,9.6322,2
Arizona,4.0,La Paz,4012.0,2011,2011.0,Sep,9,10.0301,4
Arizona,4.0,La Paz,4012.0,2011,2011.0,Oct,10,10.3592,2
Arizona,4.0,La Paz,4012.0,2011,2011.0,Nov,11,11.091,4
Arizona,4.0,La Paz,4012.0,2011,2011.0,Dec,12,16.8344,2
Arizona,4.0,Maricopa,4013.0,2003,2003.0,Jan,1,17.2934,222
Arizona,4.0,Maricopa,4013.0,2003,2003.0,Feb,2,10.7803,138
Arizona,4.0,Maricopa,4013.0,2003,2003.0,Mar,3,12.3512,135
Arizona,4.0,Maricopa,4013.0,2003,2003.0,Apr,4,7.4104,130
Arizona,4.0,Maricopa,4013.0,2003,2003.0,May,5,13.6516,92
Arizona,4.0,Maricopa,4013.0,2003,2003.0,Jun,6,12.0654,114
Arizona,4.0,Maricopa,4013.0,2003,2003.0,Jul,7,13.5439,181
Arizona,4.0,Maricopa,4013.0,2003,2003.0,Aug,8,9.6224,180
Arizona,4.0,Maricopa,4013.0,2003,2003.0,Sep,9,12.1998,171
Arizona,4.0,Maricopa,4013.0,2003,2003.0,Oct,10,14.8745,209
Arizona,4.0,Maricopa,4013.0,2003,2003.0,Nov,11,11.3745,142
Arizona,4.0,Maricopa,4013.0,2003,2003.0,Dec,12,14.3286,305
Arizona,4.0,Maricopa,4013.0,2004,2004.0,Jan,1,13.9681,226
Arizona,4.0,Maricopa,4013.0,2004,2004.0,Feb,2,10.8677,271
Arizona,4.0,Maricopa,4013.0,2004,2004.0,Mar,3,12.5279,196
Arizona,4.0,Maricopa,4013.0,2004,2004.0,Apr,4,9.3912,166
Arizona,4.0,Maricopa,4013.0,2004,2004.0,May,5,9.8096,160
Arizona,4.0,Maricopa,4013.0,2004,2004.0,Jun,6,11.539,209
Arizona,4.0,Maricopa,4013.0,2004,2004.0,Jul,7,10.3632,239
Arizona,4.0,Maricopa,4013.0,2004,2004.0,Aug,8,9.0592,272
Arizona,4.0,Maricopa,4013.0,2004,2004.0,Sep,9,10.4598,262
Arizona,4.0,Maricopa,4013.0,2004,2004.0,Oct,10,9.4132,221
Arizona,4.0,Maricopa,4013.0,2004,2004.0,Nov,11,10.4559,278
Arizona,4.0,Maricopa,4013.0,2004,2004.0,Dec,12,13.5863,202
Arizona,4.0,Maricopa,4013.0,2005,2005.0,Jan,1,10.142,135
Arizona,4.0,Maricopa,4013.0,2005,2005.0,Feb,2,7.7331,124
Arizona,4.0,Maricopa,4013.0,2005,2005.0,Mar,3,9.0418,96
Arizona,4.0,Maricopa,4013.0,2005,2005.0,Apr,4,9.5642,131
Arizona,4.0,Maricopa,4013.0,2005,2005.0,May,5,9.8183,172
Arizona,4.0,Maricopa,4013.0,2005,2005.0,Jun,6,11.6816,141
Arizona,4.0,Maricopa,4013.0,2005,2005.0,Jul,7,12.3458,152
Arizona,4.0,Maricopa,4013.0,2005,2005.0,Aug,8,10.1811,217
Arizona,4.0,Maricopa,4013.0,2005,2005.0,Sep,9,10.4937,161
Arizona,4.0,Maricopa,4013.0,2005,2005.0,Oct,10,11.7619,230
Arizona,4.0,Maricopa,4013.0,2005,2005.0,Nov,11,12.8385,391
Arizona,4.0,Maricopa,4013.0,2005,2005.0,Dec,12,16.241,511
Arizona,4.0,Maricopa,4013.0,2006,2006.0,Jan,1,12.6218,221
Arizona,4.0,Maricopa,4013.0,2006,2006.0,Feb,2,12.5158,414
Arizona,4.0,Maricopa,4013.0,2006,2006.0,Mar,3,8.1301,526
Arizona,4.0,Maricopa,4013.0,2006,2006.0,Apr,4,7.5778,403
Arizona,4.0,Maricopa,4013.0,2006,2006.0,May,5,9.3375,305
Arizona,4.0,Maricopa,4013.0,2006,2006.0,Jun,6,10.6339,330
Arizona,4.0,Maricopa,4013.0,2006,2006.0,Jul,7,9.3629,353
Arizona,4.0,Maricopa,4013.0,2006,2006.0,Aug,8,8.0467,340
Arizona,4.0,Maricopa,4013.0,2006,2006.0,Sep,9,8.5209,193
Arizona,4.0,Maricopa,4013.0,2006,2006.0,Oct,10,8.3108,221
Arizona,4.0,Maricopa,4013.0,2006,2006.0,Nov,11,11.8119,298
Arizona,4.0,Maricopa,4013.0,2006,2006.0,Dec,12,14.6483,605
Arizona,4.0,Maricopa,4013.0,2007,2007.0,Jan,1,12.5167,326
Arizona,4.0,Maricopa,4013.0,2007,2007.0,Feb,2,10.5921,309
Arizona,4.0,Maricopa,4013.0,2007,2007.0,Mar,3,8.4474,280
Arizona,4.0,Maricopa,4013.0,2007,2007.0,Apr,4,8.1193,288
Arizona,4.0,Maricopa,4013.0,2007,2007.0,May,5,8.044,245
Arizona,4.0,Maricopa,4013.0,2007,2007.0,Jun,6,10.3087,233
Arizona,4.0,Maricopa,4013.0,2007,2007.0,Jul,7,9.9316,296
Arizona,4.0,Maricopa,4013.0,2007,2007.0,Aug,8,10.8985,282
Arizona,4.0,Maricopa,4013.0,2007,2007.0,Sep,9,9.0698,208
Arizona,4.0,Maricopa,4013.0,2007,2007.0,Oct,10,12.1238,255
Arizona,4.0,Maricopa,4013.0,2007,2007.0,Nov,11,14.8761,354
Arizona,4.0,Maricopa,4013.0,2007,2007.0,Dec,12,12.7471,379
Arizona,4.0,Maricopa,4013.0,2008,2008.0,Jan,1,10.1198,304
Arizona,4.0,Maricopa,4013.0,2008,2008.0,Feb,2,10.6641,302
Arizona,4.0,Maricopa,4013.0,2008,2008.0,Mar,3,10.7984,235
Arizona,4.0,Maricopa,4013.0,2008,2008.0,Apr,4,11.7145,248
Arizona,4.0,Maricopa,4013.0,2008,2008.0,May,5,11.0337,315
Arizona,4.0,Maricopa,4013.0,2008,2008.0,Jun,6,11.1891,229
Arizona,4.0,Maricopa,4013.0,2008,2008.0,Jul,7,14.7151,246
Arizona,4.0,Maricopa,4013.0,2008,2008.0,Aug,8,12.0459,226
Arizona,4.0,Maricopa,4013.0,2008,2008.0,Sep,9,14.3315,260
Arizona,4.0,Maricopa,4013.0,2008,2008.0,Oct,10,13.6745,243
Arizona,4.0,Maricopa,4013.0,2008,2008.0,Nov,11,12.6977,352
Arizona,4.0,Maricopa,4013.0,2008,2008.0,Dec,12,13.8059,546
Arizona,4.0,Maricopa,4013.0,2009,2009.0,Jan,1,17.3835,424
Arizona,4.0,Maricopa,4013.0,2009,2009.0,Feb,2,9.7448,246
Arizona,4.0,Maricopa,4013.0,2009,2009.0,Mar,3,12.1299,287
Arizona,4.0,Maricopa,4013.0,2009,2009.0,Apr,4,11.1441,287
Arizona,4.0,Maricopa,4013.0,2009,2009.0,May,5,13.792,361
Arizona,4.0,Maricopa,4013.0,2009,2009.0,Jun,6,12.2803,1009
Arizona,4.0,Maricopa,4013.0,2009,2009.0,Jul,7,15.2874,898
Arizona,4.0,Maricopa,4013.0,2009,2009.0,Aug,8,14.4384,799
Arizona,4.0,Maricopa,4013.0,2009,2009.0,Sep,9,13.3625,924
Arizona,4.0,Maricopa,4013.0,2009,2009.0,Oct,10,11.9974,866
Arizona,4.0,Maricopa,4013.0,2009,2009.0,Nov,11,17.3271,1076
Arizona,4.0,Maricopa,4013.0,2009,2009.0,Dec,12,16.0215,910
Arizona,4.0,Maricopa,4013.0,2010,2010.0,Jan,1,14.7631,736
Arizona,4.0,Maricopa,4013.0,2010,2010.0,Feb,2,10.2293,646
Arizona,4.0,Maricopa,4013.0,2010,2010.0,Mar,3,10.62,735
Arizona,4.0,Maricopa,4013.0,2010,2010.0,Apr,4,9.4272,552
Arizona,4.0,Maricopa,4013.0,2010,2010.0,May,5,6.7374,663
Arizona,4.0,Maricopa,4013.0,2010,2010.0,Jun,6,7.5779,703
Arizona,4.0,Maricopa,4013.0,2010,2010.0,Jul,7,7.0675,673
Arizona,4.0,Maricopa,4013.0,2010,2010.0,Aug,8,6.4174,774
Arizona,4.0,Maricopa,4013.0,2010,2010.0,Sep,9,7.6091,727
Arizona,4.0,Maricopa,4013.0,2010,2010.0,Oct,10,7.4825,915
Arizona,4.0,Maricopa,4013.0,2010,2010.0,Nov,11,10.4387,1085
Arizona,4.0,Maricopa,4013.0,2010,2010.0,Dec,12,15.2369,1251
Arizona,4.0,Maricopa,4013.0,2011,2011.0,Jan,1,15.2838,1178
Arizona,4.0,Maricopa,4013.0,2011,2011.0,Feb,2,9.7515,1030
Arizona,4.0,Maricopa,4013.0,2011,2011.0,Mar,3,8.6116,1145
Arizona,4.0,Maricopa,4013.0,2011,2011.0,Apr,4,6.7932,1101
Arizona,4.0,Maricopa,4013.0,2011,2011.0,May,5,7.4662,1099
Arizona,4.0,Maricopa,4013.0,2011,2011.0,Jun,6,8.1637,1124
Arizona,4.0,Maricopa,4013.0,2011,2011.0,Jul,7,9.6393,1112
Arizona,4.0,Maricopa,4013.0,2011,2011.0,Aug,8,9.2885,1272
Arizona,4.0,Maricopa,4013.0,2011,2011.0,Sep,9,9.2091,958
Arizona,4.0,Maricopa,4013.0,2011,2011.0,Oct,10,9.1868,994
Arizona,4.0,Maricopa,4013.0,2011,2011.0,Nov,11,9.5882,1200
Arizona,4.0,Maricopa,4013.0,2011,2011.0,Dec,12,15.2843,1192
Arizona,4.0,Mohave,4015.0,2003,2003.0,Jan,1,18.6142,1
Arizona,4.0,Mohave,4015.0,2003,2003.0,Feb,2,10.9257,1
Arizona,4.0,Mohave,4015.0,2003,2003.0,Mar,3,12.1113,3
Arizona,4.0,Mohave,4015.0,2003,2003.0,Apr,4,7.6079,1
Arizona,4.0,Mohave,4015.0,2003,2003.0,May,5,13.872,0
Arizona,4.0,Mohave,4015.0,2003,2003.0,Jun,6,12.7491,3
Arizona,4.0,Mohave,4015.0,2003,2003.0,Jul,7,13.9774,1
Arizona,4.0,Mohave,4015.0,2003,2003.0,Aug,8,9.8323,6
Arizona,4.0,Mohave,4015.0,2003,2003.0,Sep,9,14.167,7
Arizona,4.0,Mohave,4015.0,2003,2003.0,Oct,10,16.9033,5
Arizona,4.0,Mohave,4015.0,2003,2003.0,Nov,11,13.665,8
Arizona,4.0,Mohave,4015.0,2003,2003.0,Dec,12,15.7981,4
Arizona,4.0,Mohave,4015.0,2004,2004.0,Jan,1,17.8481,3
Arizona,4.0,Mohave,4015.0,2004,2004.0,Feb,2,12.0245,4
Arizona,4.0,Mohave,4015.0,2004,2004.0,Mar,3,14.2591,2
Arizona,4.0,Mohave,4015.0,2004,2004.0,Apr,4,10.86,4
Arizona,4.0,Mohave,4015.0,2004,2004.0,May,5,10.1003,2
Arizona,4.0,Mohave,4015.0,2004,2004.0,Jun,6,12.6132,5
Arizona,4.0,Mohave,4015.0,2004,2004.0,Jul,7,12.1776,2
Arizona,4.0,Mohave,4015.0,2004,2004.0,Aug,8,10.6356,7
Arizona,4.0,Mohave,4015.0,2004,2004.0,Sep,9,10.5328,6
Arizona,4.0,Mohave,4015.0,2004,2004.0,Oct,10,10.1192,3
Arizona,4.0,Mohave,4015.0,2004,2004.0,Nov,11,12.9414,2
Arizona,4.0,Mohave,4015.0,2004,2004.0,Dec,12,14.9176,2
Arizona,4.0,Mohave,4015.0,2005,2005.0,Jan,1,12.7114,3
Arizona,4.0,Mohave,4015.0,2005,2005.0,Feb,2,9.7226,5
Arizona,4.0,Mohave,4015.0,2005,2005.0,Mar,3,9.3521,3
Arizona,4.0,Mohave,4015.0,2005,2005.0,Apr,4,9.2018,3
Arizona,4.0,Mohave,4015.0,2005,2005.0,May,5,9.5069,3
Arizona,4.0,Mohave,4015.0,2005,2005.0,Jun,6,11.6724,3
Arizona,4.0,Mohave,4015.0,2005,2005.0,Jul,7,13.8245,1
Arizona,4.0,Mohave,4015.0,2005,2005.0,Aug,8,12.0427,2
Arizona,4.0,Mohave,4015.0,2005,2005.0,Sep,9,11.6729,3
Arizona,4.0,Mohave,4015.0,2005,2005.0,Oct,10,12.0409,5
Arizona,4.0,Mohave,4015.0,2005,2005.0,Nov,11,13.4628,1
Arizona,4.0,Mohave,4015.0,2005,2005.0,Dec,12,17.6117,7
Arizona,4.0,Mohave,4015.0,2006,2006.0,Jan,1,12.5988,5
Arizona,4.0,Mohave,4015.0,2006,2006.0,Feb,2,13.8691,7
Arizona,4.0,Mohave,4015.0,2006,2006.0,Mar,3,8.1991,2
Arizona,4.0,Mohave,4015.0,2006,2006.0,Apr,4,6.7493,3
Arizona,4.0,Mohave,4015.0,2006,2006.0,May,5,9.4088,3
Arizona,4.0,Mohave,4015.0,2006,2006.0,Jun,6,10.0522,5
Arizona,4.0,Mohave,4015.0,2006,2006.0,Jul,7,10.616,4
Arizona,4.0,Mohave,4015.0,2006,2006.0,Aug,8,8.9293,6
Arizona,4.0,Mohave,4015.0,2006,2006.0,Sep,9,9.6036,6
Arizona,4.0,Mohave,4015.0,2006,2006.0,Oct,10,8.6421,2
Arizona,4.0,Mohave,4015.0,2006,2006.0,Nov,11,11.8487,3
Arizona,4.0,Mohave,4015.0,2006,2006.0,Dec,12,16.1311,3
Arizona,4.0,Mohave,4015.0,2007,2007.0,Jan,1,15.6318,5
Arizona,4.0,Mohave,4015.0,2007,2007.0,Feb,2,11.0341,3
Arizona,4.0,Mohave,4015.0,2007,2007.0,Mar,3,9.6245,8
Arizona,4.0,Mohave,4015.0,2007,2007.0,Apr,4,8.0132,5
Arizona,4.0,Mohave,4015.0,2007,2007.0,May,5,8.8039,4
Arizona,4.0,Mohave,4015.0,2007,2007.0,Jun,6,10.1588,3
Arizona,4.0,Mohave,4015.0,2007,2007.0,Jul,7,10.6488,3
Arizona,4.0,Mohave,4015.0,2007,2007.0,Aug,8,10.4491,3
Arizona,4.0,Mohave,4015.0,2007,2007.0,Sep,9,8.8293,3
Arizona,4.0,Mohave,4015.0,2007,2007.0,Oct,10,11.872,3
Arizona,4.0,Mohave,4015.0,2007,2007.0,Nov,11,13.9719,5
Arizona,4.0,Mohave,4015.0,2007,2007.0,Dec,12,12.404,2
Arizona,4.0,Mohave,4015.0,2008,2008.0,Jan,1,11.463,1
Arizona,4.0,Mohave,4015.0,2008,2008.0,Feb,2,11.5871,7
Arizona,4.0,Mohave,4015.0,2008,2008.0,Mar,3,11.6601,4
Arizona,4.0,Mohave,4015.0,2008,2008.0,Apr,4,10.8015,1
Arizona,4.0,Mohave,4015.0,2008,2008.0,May,5,10.6327,3
Arizona,4.0,Mohave,4015.0,2008,2008.0,Jun,6,11.9659,2
Arizona,4.0,Mohave,4015.0,2008,2008.0,Jul,7,15.2365,3
Arizona,4.0,Mohave,4015.0,2008,2008.0,Aug,8,11.6136,3
Arizona,4.0,Mohave,4015.0,2008,2008.0,Sep,9,12.9232,8
Arizona,4.0,Mohave,4015.0,2008,2008.0,Oct,10,12.6608,9
Arizona,4.0,Mohave,4015.0,2008,2008.0,Nov,11,12.5193,7
Arizona,4.0,Mohave,4015.0,2008,2008.0,Dec,12,15.0442,11
Arizona,4.0,Mohave,4015.0,2009,2009.0,Jan,1,19.7941,2
Arizona,4.0,Mohave,4015.0,2009,2009.0,Feb,2,11.7415,3
Arizona,4.0,Mohave,4015.0,2009,2009.0,Mar,3,12.1936,4
Arizona,4.0,Mohave,4015.0,2009,2009.0,Apr,4,11.4553,2
Arizona,4.0,Mohave,4015.0,2009,2009.0,May,5,14.7011,6
Arizona,4.0,Mohave,4015.0,2009,2009.0,Jun,6,12.4516,5
Arizona,4.0,Mohave,4015.0,2009,2009.0,Jul,7,15.292,10
Arizona,4.0,Mohave,4015.0,2009,2009.0,Aug,8,14.9463,11
Arizona,4.0,Mohave,4015.0,2009,2009.0,Sep,9,14.0977,7
Arizona,4.0,Mohave,4015.0,2009,2009.0,Oct,10,11.9185,7
Arizona,4.0,Mohave,4015.0,2009,2009.0,Nov,11,17.993,8
Arizona,4.0,Mohave,4015.0,2009,2009.0,Dec,12,19.0217,12
Arizona,4.0,Mohave,4015.0,2010,2010.0,Jan,1,15.6253,12
Arizona,4.0,Mohave,4015.0,2010,2010.0,Feb,2,10.987,8
Arizona,4.0,Mohave,4015.0,2010,2010.0,Mar,3,11.9346,10
Arizona,4.0,Mohave,4015.0,2010,2010.0,Apr,4,10.4828,8
Arizona,4.0,Mohave,4015.0,2010,2010.0,May,5,8.4075,9
Arizona,4.0,Mohave,4015.0,2010,2010.0,Jun,6,10.0245,13
Arizona,4.0,Mohave,4015.0,2010,2010.0,Jul,7,11.2519,10
Arizona,4.0,Mohave,4015.0,2010,2010.0,Aug,8,9.9995,6
Arizona,4.0,Mohave,4015.0,2010,2010.0,Sep,9,10.171,11
Arizona,4.0,Mohave,4015.0,2010,2010.0,Oct,10,9.5618,10
Arizona,4.0,Mohave,4015.0,2010,2010.0,Nov,11,11.7329,7
Arizona,4.0,Mohave,4015.0,2010,2010.0,Dec,12,15.2144,14
Arizona,4.0,Mohave,4015.0,2011,2011.0,Jan,1,17.3123,10
Arizona,4.0,Mohave,4015.0,2011,2011.0,Feb,2,12.2136,15
Arizona,4.0,Mohave,4015.0,2011,2011.0,Mar,3,10.0997,10
Arizona,4.0,Mohave,4015.0,2011,2011.0,Apr,4,8.355,11
Arizona,4.0,Mohave,4015.0,2011,2011.0,May,5,8.9023,16
Arizona,4.0,Mohave,4015.0,2011,2011.0,Jun,6,9.713,13
Arizona,4.0,Mohave,4015.0,2011,2011.0,Jul,7,11.3747,11
Arizona,4.0,Mohave,4015.0,2011,2011.0,Aug,8,10.5118,9
Arizona,4.0,Mohave,4015.0,2011,2011.0,Sep,9,10.7941,6
Arizona,4.0,Mohave,4015.0,2011,2011.0,Oct,10,10.5842,12
Arizona,4.0,Mohave,4015.0,2011,2011.0,Nov,11,10.5885,10
Arizona,4.0,Mohave,4015.0,2011,2011.0,Dec,12,16.9151,17
Arizona,4.0,Navajo,4017.0,2003,2003.0,Jan,1,15.9534,0
Arizona,4.0,Navajo,4017.0,2003,2003.0,Feb,2,9.4309,0
Arizona,4.0,Navajo,4017.0,2003,2003.0,Mar,3,9.5682,0
Arizona,4.0,Navajo,4017.0,2003,2003.0,Apr,4,5.7033,1
Arizona,4.0,Navajo,4017.0,2003,2003.0,May,5,10.8217,0
Arizona,4.0,Navajo,4017.0,2003,2003.0,Jun,6,8.4821,1
Arizona,4.0,Navajo,4017.0,2003,2003.0,Jul,7,11.1035,1
Arizona,4.0,Navajo,4017.0,2003,2003.0,Aug,8,8.1536,0
Arizona,4.0,Navajo,4017.0,2003,2003.0,Sep,9,9.1071,1
Arizona,4.0,Navajo,4017.0,2003,2003.0,Oct,10,11.2342,0
Arizona,4.0,Navajo,4017.0,2003,2003.0,Nov,11,8.7666,0
Arizona,4.0,Navajo,4017.0,2003,2003.0,Dec,12,12.6607,0
Arizona,4.0,Navajo,4017.0,2004,2004.0,Jan,1,13.4104,0
Arizona,4.0,Navajo,4017.0,2004,2004.0,Feb,2,9.5913,0
Arizona,4.0,Navajo,4017.0,2004,2004.0,Mar,3,9.2115,1
Arizona,4.0,Navajo,4017.0,2004,2004.0,Apr,4,7.358,0
Arizona,4.0,Navajo,4017.0,2004,2004.0,May,5,7.7102,0
Arizona,4.0,Navajo,4017.0,2004,2004.0,Jun,6,8.115,3
Arizona,4.0,Navajo,4017.0,2004,2004.0,Jul,7,9.618,2
Arizona,4.0,Navajo,4017.0,2004,2004.0,Aug,8,7.7377,3
Arizona,4.0,Navajo,4017.0,2004,2004.0,Sep,9,9.5934,1
Arizona,4.0,Navajo,4017.0,2004,2004.0,Oct,10,7.1665,2
Arizona,4.0,Navajo,4017.0,2004,2004.0,Nov,11,8.6029,1
Arizona,4.0,Navajo,4017.0,2004,2004.0,Dec,12,12.073,0
Arizona,4.0,Navajo,4017.0,2005,2005.0,Jan,1,10.7386,0
Arizona,4.0,Navajo,4017.0,2005,2005.0,Feb,2,8.1677,2
Arizona,4.0,Navajo,4017.0,2005,2005.0,Mar,3,6.8616,0
Arizona,4.0,Navajo,4017.0,2005,2005.0,Apr,4,7.1375,1
Arizona,4.0,Navajo,4017.0,2005,2005.0,May,5,6.8053,0
Arizona,4.0,Navajo,4017.0,2005,2005.0,Jun,6,10.421,2
Arizona,4.0,Navajo,4017.0,2005,2005.0,Jul,7,11.6033,0
Arizona,4.0,Navajo,4017.0,2005,2005.0,Aug,8,8.9381,0
Arizona,4.0,Navajo,4017.0,2005,2005.0,Sep,9,9.1979,1
Arizona,4.0,Navajo,4017.0,2005,2005.0,Oct,10,9.1408,0
Arizona,4.0,Navajo,4017.0,2005,2005.0,Nov,11,10.4728,0
Arizona,4.0,Navajo,4017.0,2005,2005.0,Dec,12,13.6579,1
Arizona,4.0,Navajo,4017.0,2006,2006.0,Jan,1,10.6376,0
Arizona,4.0,Navajo,4017.0,2006,2006.0,Feb,2,10.6309,2
Arizona,4.0,Navajo,4017.0,2006,2006.0,Mar,3,6.919,0
Arizona,4.0,Navajo,4017.0,2006,2006.0,Apr,4,5.9976,4
Arizona,4.0,Navajo,4017.0,2006,2006.0,May,5,7.709,2
Arizona,4.0,Navajo,4017.0,2006,2006.0,Jun,6,9.3823,1
Arizona,4.0,Navajo,4017.0,2006,2006.0,Jul,7,9.1274,2
Arizona,4.0,Navajo,4017.0,2006,2006.0,Aug,8,7.5081,1
Arizona,4.0,Navajo,4017.0,2006,2006.0,Sep,9,7.4633,0
Arizona,4.0,Navajo,4017.0,2006,2006.0,Oct,10,6.8745,1
Arizona,4.0,Navajo,4017.0,2006,2006.0,Nov,11,9.9354,1
Arizona,4.0,Navajo,4017.0,2006,2006.0,Dec,12,12.4704,1
Arizona,4.0,Navajo,4017.0,2007,2007.0,Jan,1,14.2018,2
Arizona,4.0,Navajo,4017.0,2007,2007.0,Feb,2,9.9765,0
Arizona,4.0,Navajo,4017.0,2007,2007.0,Mar,3,6.6572,0
Arizona,4.0,Navajo,4017.0,2007,2007.0,Apr,4,6.9628,1
Arizona,4.0,Navajo,4017.0,2007,2007.0,May,5,6.2622,0
Arizona,4.0,Navajo,4017.0,2007,2007.0,Jun,6,7.5769,1
Arizona,4.0,Navajo,4017.0,2007,2007.0,Jul,7,8.9264,2
Arizona,4.0,Navajo,4017.0,2007,2007.0,Aug,8,9.7741,1
Arizona,4.0,Navajo,4017.0,2007,2007.0,Sep,9,8.1553,0
Arizona,4.0,Navajo,4017.0,2007,2007.0,Oct,10,8.4615,2
Arizona,4.0,Navajo,4017.0,2007,2007.0,Nov,11,12.0153,0
Arizona,4.0,Navajo,4017.0,2007,2007.0,Dec,12,10.6286,2
Arizona,4.0,Navajo,4017.0,2008,2008.0,Jan,1,9.8514,2
Arizona,4.0,Navajo,4017.0,2008,2008.0,Feb,2,10.0316,3
Arizona,4.0,Navajo,4017.0,2008,2008.0,Mar,3,7.7072,1
Arizona,4.0,Navajo,4017.0,2008,2008.0,Apr,4,8.3009,1
Arizona,4.0,Navajo,4017.0,2008,2008.0,May,5,8.3143,0
Arizona,4.0,Navajo,4017.0,2008,2008.0,Jun,6,8.8255,1
Arizona,4.0,Navajo,4017.0,2008,2008.0,Jul,7,14.2558,0
Arizona,4.0,Navajo,4017.0,2008,2008.0,Aug,8,11.5702,0
Arizona,4.0,Navajo,4017.0,2008,2008.0,Sep,9,12.7251,1
Arizona,4.0,Navajo,4017.0,2008,2008.0,Oct,10,11.7447,0
Arizona,4.0,Navajo,4017.0,2008,2008.0,Nov,11,11.431,0
Arizona,4.0,Navajo,4017.0,2008,2008.0,Dec,12,12.4802,2
Arizona,4.0,Navajo,4017.0,2009,2009.0,Jan,1,17.7061,2
Arizona,4.0,Navajo,4017.0,2009,2009.0,Feb,2,10.3056,2
Arizona,4.0,Navajo,4017.0,2009,2009.0,Mar,3,8.9009,0
Arizona,4.0,Navajo,4017.0,2009,2009.0,Apr,4,9.1253,1
Arizona,4.0,Navajo,4017.0,2009,2009.0,May,5,11.6306,3
Arizona,4.0,Navajo,4017.0,2009,2009.0,Jun,6,12.2592,9
Arizona,4.0,Navajo,4017.0,2009,2009.0,Jul,7,14.182,1
Arizona,4.0,Navajo,4017.0,2009,2009.0,Aug,8,13.6515,5
Arizona,4.0,Navajo,4017.0,2009,2009.0,Sep,9,12.2438,4
Arizona,4.0,Navajo,4017.0,2009,2009.0,Oct,10,9.4354,2
Arizona,4.0,Navajo,4017.0,2009,2009.0,Nov,11,16.6266,1
Arizona,4.0,Navajo,4017.0,2009,2009.0,Dec,12,16.9027,1
Arizona,4.0,Navajo,4017.0,2010,2010.0,Jan,1,14.6222,2
Arizona,4.0,Navajo,4017.0,2010,2010.0,Feb,2,9.319,4
Arizona,4.0,Navajo,4017.0,2010,2010.0,Mar,3,9.2172,2
Arizona,4.0,Navajo,4017.0,2010,2010.0,Apr,4,8.9858,0
Arizona,4.0,Navajo,4017.0,2010,2010.0,May,5,6.1388,3
Arizona,4.0,Navajo,4017.0,2010,2010.0,Jun,6,7.9068,5
Arizona,4.0,Navajo,4017.0,2010,2010.0,Jul,7,8.533,3
Arizona,4.0,Navajo,4017.0,2010,2010.0,Aug,8,8.5404,1
Arizona,4.0,Navajo,4017.0,2010,2010.0,Sep,9,8.73,5
Arizona,4.0,Navajo,4017.0,2010,2010.0,Oct,10,8.5853,5
Arizona,4.0,Navajo,4017.0,2010,2010.0,Nov,11,10.3927,1
Arizona,4.0,Navajo,4017.0,2010,2010.0,Dec,12,14.3032,3
Arizona,4.0,Navajo,4017.0,2011,2011.0,Jan,1,16.7823,8
Arizona,4.0,Navajo,4017.0,2011,2011.0,Feb,2,9.8986,5
Arizona,4.0,Navajo,4017.0,2011,2011.0,Mar,3,8.0451,5
Arizona,4.0,Navajo,4017.0,2011,2011.0,Apr,4,6.2362,1
Arizona,4.0,Navajo,4017.0,2011,2011.0,May,5,6.8118,5
Arizona,4.0,Navajo,4017.0,2011,2011.0,Jun,6,8.9179,3
Arizona,4.0,Navajo,4017.0,2011,2011.0,Jul,7,10.7038,8
Arizona,4.0,Navajo,4017.0,2011,2011.0,Aug,8,9.7199,6
Arizona,4.0,Navajo,4017.0,2011,2011.0,Sep,9,9.3277,3
Arizona,4.0,Navajo,4017.0,2011,2011.0,Oct,10,8.9046,3
Arizona,4.0,Navajo,4017.0,2011,2011.0,Nov,11,8.5082,4
Arizona,4.0,Navajo,4017.0,2011,2011.0,Dec,12,14.685,5
Arizona,4.0,Pima,4019.0,2003,2003.0,Jan,1,15.6893,56
Arizona,4.0,Pima,4019.0,2003,2003.0,Feb,2,9.4033,35
Arizona,4.0,Pima,4019.0,2003,2003.0,Mar,3,11.7903,23
Arizona,4.0,Pima,4019.0,2003,2003.0,Apr,4,7.9482,27
Arizona,4.0,Pima,4019.0,2003,2003.0,May,5,12.8274,34
Arizona,4.0,Pima,4019.0,2003,2003.0,Jun,6,10.9842,26
Arizona,4.0,Pima,4019.0,2003,2003.0,Jul,7,12.0608,50
Arizona,4.0,Pima,4019.0,2003,2003.0,Aug,8,9.1964,72
Arizona,4.0,Pima,4019.0,2003,2003.0,Sep,9,11.2083,32
Arizona,4.0,Pima,4019.0,2003,2003.0,Oct,10,14.3007,27
Arizona,4.0,Pima,4019.0,2003,2003.0,Nov,11,10.8364,25
Arizona,4.0,Pima,4019.0,2003,2003.0,Dec,12,13.2314,42
Arizona,4.0,Pima,4019.0,2004,2004.0,Jan,1,12.2699,49
Arizona,4.0,Pima,4019.0,2004,2004.0,Feb,2,9.8151,48
Arizona,4.0,Pima,4019.0,2004,2004.0,Mar,3,12.0749,40
Arizona,4.0,Pima,4019.0,2004,2004.0,Apr,4,9.1311,27
Arizona,4.0,Pima,4019.0,2004,2004.0,May,5,9.5252,35
Arizona,4.0,Pima,4019.0,2004,2004.0,Jun,6,10.4651,62
Arizona,4.0,Pima,4019.0,2004,2004.0,Jul,7,9.3229,87
Arizona,4.0,Pima,4019.0,2004,2004.0,Aug,8,8.8716,56
Arizona,4.0,Pima,4019.0,2004,2004.0,Sep,9,10.6138,62
Arizona,4.0,Pima,4019.0,2004,2004.0,Oct,10,9.0852,62
Arizona,4.0,Pima,4019.0,2004,2004.0,Nov,11,8.8873,80
Arizona,4.0,Pima,4019.0,2004,2004.0,Dec,12,11.3805,54
Arizona,4.0,Pima,4019.0,2005,2005.0,Jan,1,9.1208,46
Arizona,4.0,Pima,4019.0,2005,2005.0,Feb,2,6.93,46
Arizona,4.0,Pima,4019.0,2005,2005.0,Mar,3,8.7935,45
Arizona,4.0,Pima,4019.0,2005,2005.0,Apr,4,9.725,40
Arizona,4.0,Pima,4019.0,2005,2005.0,May,5,10.1666,37
Arizona,4.0,Pima,4019.0,2005,2005.0,Jun,6,11.4212,69
Arizona,4.0,Pima,4019.0,2005,2005.0,Jul,7,11.108,50
Arizona,4.0,Pima,4019.0,2005,2005.0,Aug,8,9.8377,117
Arizona,4.0,Pima,4019.0,2005,2005.0,Sep,9,10.1185,61
Arizona,4.0,Pima,4019.0,2005,2005.0,Oct,10,11.3722,58
Arizona,4.0,Pima,4019.0,2005,2005.0,Nov,11,12.0731,87
Arizona,4.0,Pima,4019.0,2005,2005.0,Dec,12,14.3186,94
Arizona,4.0,Pima,4019.0,2006,2006.0,Jan,1,11.817,56
Arizona,4.0,Pima,4019.0,2006,2006.0,Feb,2,11.2521,86
Arizona,4.0,Pima,4019.0,2006,2006.0,Mar,3,7.6446,87
Arizona,4.0,Pima,4019.0,2006,2006.0,Apr,4,8.0274,76
Arizona,4.0,Pima,4019.0,2006,2006.0,May,5,9.7165,84
Arizona,4.0,Pima,4019.0,2006,2006.0,Jun,6,10.7495,92
Arizona,4.0,Pima,4019.0,2006,2006.0,Jul,7,8.3803,112
Arizona,4.0,Pima,4019.0,2006,2006.0,Aug,8,7.7151,81
Arizona,4.0,Pima,4019.0,2006,2006.0,Sep,9,7.4504,50
Arizona,4.0,Pima,4019.0,2006,2006.0,Oct,10,7.9372,40
Arizona,4.0,Pima,4019.0,2006,2006.0,Nov,11,10.7591,61
Arizona,4.0,Pima,4019.0,2006,2006.0,Dec,12,12.3162,72
Arizona,4.0,Pima,4019.0,2007,2007.0,Jan,1,10.2229,68
Arizona,4.0,Pima,4019.0,2007,2007.0,Feb,2,10.4191,53
Arizona,4.0,Pima,4019.0,2007,2007.0,Mar,3,8.4111,49
Arizona,4.0,Pima,4019.0,2007,2007.0,Apr,4,8.1792,55
Arizona,4.0,Pima,4019.0,2007,2007.0,May,5,8.1371,72
Arizona,4.0,Pima,4019.0,2007,2007.0,Jun,6,11.3229,64
Arizona,4.0,Pima,4019.0,2007,2007.0,Jul,7,10.5641,97
Arizona,4.0,Pima,4019.0,2007,2007.0,Aug,8,11.5185,82
Arizona,4.0,Pima,4019.0,2007,2007.0,Sep,9,10.1053,48
Arizona,4.0,Pima,4019.0,2007,2007.0,Oct,10,12.3349,72
Arizona,4.0,Pima,4019.0,2007,2007.0,Nov,11,15.1578,107
Arizona,4.0,Pima,4019.0,2007,2007.0,Dec,12,12.1652,137
Arizona,4.0,Pima,4019.0,2008,2008.0,Jan,1,10.1701,95
Arizona,4.0,Pima,4019.0,2008,2008.0,Feb,2,10.7858,68
Arizona,4.0,Pima,4019.0,2008,2008.0,Mar,3,11.8546,43
Arizona,4.0,Pima,4019.0,2008,2008.0,Apr,4,12.4761,55
Arizona,4.0,Pima,4019.0,2008,2008.0,May,5,11.4741,41
Arizona,4.0,Pima,4019.0,2008,2008.0,Jun,6,11.3218,63
Arizona,4.0,Pima,4019.0,2008,2008.0,Jul,7,14.6616,66
Arizona,4.0,Pima,4019.0,2008,2008.0,Aug,8,12.0919,53
Arizona,4.0,Pima,4019.0,2008,2008.0,Sep,9,14.4747,75
Arizona,4.0,Pima,4019.0,2008,2008.0,Oct,10,13.9864,63
Arizona,4.0,Pima,4019.0,2008,2008.0,Nov,11,12.8684,66
Arizona,4.0,Pima,4019.0,2008,2008.0,Dec,12,12.0848,122
Arizona,4.0,Pima,4019.0,2009,2009.0,Jan,1,16.5326,63
Arizona,4.0,Pima,4019.0,2009,2009.0,Feb,2,10.0119,53
Arizona,4.0,Pima,4019.0,2009,2009.0,Mar,3,12.6533,51
Arizona,4.0,Pima,4019.0,2009,2009.0,Apr,4,11.3853,64
Arizona,4.0,Pima,4019.0,2009,2009.0,May,5,13.4296,65
Arizona,4.0,Pima,4019.0,2009,2009.0,Jun,6,12.3151,165
Arizona,4.0,Pima,4019.0,2009,2009.0,Jul,7,14.6354,162
Arizona,4.0,Pima,4019.0,2009,2009.0,Aug,8,14.2961,122
Arizona,4.0,Pima,4019.0,2009,2009.0,Sep,9,13.0897,149
Arizona,4.0,Pima,4019.0,2009,2009.0,Oct,10,11.3633,126
Arizona,4.0,Pima,4019.0,2009,2009.0,Nov,11,16.1476,155
Arizona,4.0,Pima,4019.0,2009,2009.0,Dec,12,13.8955,147
Arizona,4.0,Pima,4019.0,2010,2010.0,Jan,1,14.074,110
Arizona,4.0,Pima,4019.0,2010,2010.0,Feb,2,10.2049,95
Arizona,4.0,Pima,4019.0,2010,2010.0,Mar,3,10.6638,101
Arizona,4.0,Pima,4019.0,2010,2010.0,Apr,4,9.975,68
Arizona,4.0,Pima,4019.0,2010,2010.0,May,5,7.6498,91
Arizona,4.0,Pima,4019.0,2010,2010.0,Jun,6,8.6534,127
Arizona,4.0,Pima,4019.0,2010,2010.0,Jul,7,7.5428,113
Arizona,4.0,Pima,4019.0,2010,2010.0,Aug,8,7.2005,139
Arizona,4.0,Pima,4019.0,2010,2010.0,Sep,9,7.797,105
Arizona,4.0,Pima,4019.0,2010,2010.0,Oct,10,7.6043,134
Arizona,4.0,Pima,4019.0,2010,2010.0,Nov,11,10.3928,174
Arizona,4.0,Pima,4019.0,2010,2010.0,Dec,12,14.9797,174
Arizona,4.0,Pima,4019.0,2011,2011.0,Jan,1,14.6159,181
Arizona,4.0,Pima,4019.0,2011,2011.0,Feb,2,9.1687,111
Arizona,4.0,Pima,4019.0,2011,2011.0,Mar,3,8.4461,154
Arizona,4.0,Pima,4019.0,2011,2011.0,Apr,4,7.0623,143
Arizona,4.0,Pima,4019.0,2011,2011.0,May,5,7.4095,155
Arizona,4.0,Pima,4019.0,2011,2011.0,Jun,6,8.452,147
Arizona,4.0,Pima,4019.0,2011,2011.0,Jul,7,8.5727,148
Arizona,4.0,Pima,4019.0,2011,2011.0,Aug,8,8.2336,145
Arizona,4.0,Pima,4019.0,2011,2011.0,Sep,9,8.1487,105
Arizona,4.0,Pima,4019.0,2011,2011.0,Oct,10,8.3557,111
Arizona,4.0,Pima,4019.0,2011,2011.0,Nov,11,8.4231,141
Arizona,4.0,Pima,4019.0,2011,2011.0,Dec,12,13.6277,124
Arizona,4.0,Pinal,4021.0,2003,2003.0,Jan,1,16.0676,12
Arizona,4.0,Pinal,4021.0,2003,2003.0,Feb,2,9.7849,3
Arizona,4.0,Pinal,4021.0,2003,2003.0,Mar,3,11.2473,11
Arizona,4.0,Pinal,4021.0,2003,2003.0,Apr,4,7.0059,2
Arizona,4.0,Pinal,4021.0,2003,2003.0,May,5,11.729,1
Arizona,4.0,Pinal,4021.0,2003,2003.0,Jun,6,10.3314,4
Arizona,4.0,Pinal,4021.0,2003,2003.0,Jul,7,11.6965,5
Arizona,4.0,Pinal,4021.0,2003,2003.0,Aug,8,8.0284,14
Arizona,4.0,Pinal,4021.0,2003,2003.0,Sep,9,9.7695,14
Arizona,4.0,Pinal,4021.0,2003,2003.0,Oct,10,12.4559,13
Arizona,4.0,Pinal,4021.0,2003,2003.0,Nov,11,9.9626,8
Arizona,4.0,Pinal,4021.0,2003,2003.0,Dec,12,12.4697,13
Arizona,4.0,Pinal,4021.0,2004,2004.0,Jan,1,11.5958,8
Arizona,4.0,Pinal,4021.0,2004,2004.0,Feb,2,9.127,11
Arizona,4.0,Pinal,4021.0,2004,2004.0,Mar,3,10.268,4
Arizona,4.0,Pinal,4021.0,2004,2004.0,Apr,4,8.2904,7
Arizona,4.0,Pinal,4021.0,2004,2004.0,May,5,8.7266,15
Arizona,4.0,Pinal,4021.0,2004,2004.0,Jun,6,9.2524,23
Arizona,4.0,Pinal,4021.0,2004,2004.0,Jul,7,8.1275,13
Arizona,4.0,Pinal,4021.0,2004,2004.0,Aug,8,6.9275,15
Arizona,4.0,Pinal,4021.0,2004,2004.0,Sep,9,8.8859,8
Arizona,4.0,Pinal,4021.0,2004,2004.0,Oct,10,7.9022,16
Arizona,4.0,Pinal,4021.0,2004,2004.0,Nov,11,8.3037,16
Arizona,4.0,Pinal,4021.0,2004,2004.0,Dec,12,11.8857,16
Arizona,4.0,Pinal,4021.0,2005,2005.0,Jan,1,9.2544,11
Arizona,4.0,Pinal,4021.0,2005,2005.0,Feb,2,6.4694,12
Arizona,4.0,Pinal,4021.0,2005,2005.0,Mar,3,8.0554,9
Arizona,4.0,Pinal,4021.0,2005,2005.0,Apr,4,9.0422,7
Arizona,4.0,Pinal,4021.0,2005,2005.0,May,5,9.0947,4
Arizona,4.0,Pinal,4021.0,2005,2005.0,Jun,6,10.5778,8
Arizona,4.0,Pinal,4021.0,2005,2005.0,Jul,7,10.1942,8
Arizona,4.0,Pinal,4021.0,2005,2005.0,Aug,8,8.0733,17
Arizona,4.0,Pinal,4021.0,2005,2005.0,Sep,9,8.343,13
Arizona,4.0,Pinal,4021.0,2005,2005.0,Oct,10,10.0394,10
Arizona,4.0,Pinal,4021.0,2005,2005.0,Nov,11,11.3872,19
Arizona,4.0,Pinal,4021.0,2005,2005.0,Dec,12,14.3044,39
Arizona,4.0,Pinal,4021.0,2006,2006.0,Jan,1,11.6176,16
Arizona,4.0,Pinal,4021.0,2006,2006.0,Feb,2,10.828,27
Arizona,4.0,Pinal,4021.0,2006,2006.0,Mar,3,6.8948,26
Arizona,4.0,Pinal,4021.0,2006,2006.0,Apr,4,7.5691,23
Arizona,4.0,Pinal,4021.0,2006,2006.0,May,5,8.861,13
Arizona,4.0,Pinal,4021.0,2006,2006.0,Jun,6,9.7782,14
Arizona,4.0,Pinal,4021.0,2006,2006.0,Jul,7,7.7354,20
Arizona,4.0,Pinal,4021.0,2006,2006.0,Aug,8,6.6805,18
Arizona,4.0,Pinal,4021.0,2006,2006.0,Sep,9,6.995,11
Arizona,4.0,Pinal,4021.0,2006,2006.0,Oct,10,7.3877,12
Arizona,4.0,Pinal,4021.0,2006,2006.0,Nov,11,10.4302,15
Arizona,4.0,Pinal,4021.0,2006,2006.0,Dec,12,12.8633,30
Arizona,4.0,Pinal,4021.0,2007,2007.0,Jan,1,11.102,30
Arizona,4.0,Pinal,4021.0,2007,2007.0,Feb,2,9.7334,27
Arizona,4.0,Pinal,4021.0,2007,2007.0,Mar,3,7.9009,24
Arizona,4.0,Pinal,4021.0,2007,2007.0,Apr,4,7.7076,26
Arizona,4.0,Pinal,4021.0,2007,2007.0,May,5,7.7981,14
Arizona,4.0,Pinal,4021.0,2007,2007.0,Jun,6,10.7147,25
Arizona,4.0,Pinal,4021.0,2007,2007.0,Jul,7,10.62,10
Arizona,4.0,Pinal,4021.0,2007,2007.0,Aug,8,11.3436,18
Arizona,4.0,Pinal,4021.0,2007,2007.0,Sep,9,9.4071,13
Arizona,4.0,Pinal,4021.0,2007,2007.0,Oct,10,12.0129,19
Arizona,4.0,Pinal,4021.0,2007,2007.0,Nov,11,15.0598,28
Arizona,4.0,Pinal,4021.0,2007,2007.0,Dec,12,12.0989,21
Arizona,4.0,Pinal,4021.0,2008,2008.0,Jan,1,10.3703,19
Arizona,4.0,Pinal,4021.0,2008,2008.0,Feb,2,11.138,25
Arizona,4.0,Pinal,4021.0,2008,2008.0,Mar,3,11.9159,17
Arizona,4.0,Pinal,4021.0,2008,2008.0,Apr,4,12.8055,23
Arizona,4.0,Pinal,4021.0,2008,2008.0,May,5,11.7207,22
Arizona,4.0,Pinal,4021.0,2008,2008.0,Jun,6,11.653,11
Arizona,4.0,Pinal,4021.0,2008,2008.0,Jul,7,15.1913,27
Arizona,4.0,Pinal,4021.0,2008,2008.0,Aug,8,12.4809,18
Arizona,4.0,Pinal,4021.0,2008,2008.0,Sep,9,15.0509,24
Arizona,4.0,Pinal,4021.0,2008,2008.0,Oct,10,14.5822,13
Arizona,4.0,Pinal,4021.0,2008,2008.0,Nov,11,13.6251,19
Arizona,4.0,Pinal,4021.0,2008,2008.0,Dec,12,13.2338,34
Arizona,4.0,Pinal,4021.0,2009,2009.0,Jan,1,17.158,26
Arizona,4.0,Pinal,4021.0,2009,2009.0,Feb,2,9.9266,22
Arizona,4.0,Pinal,4021.0,2009,2009.0,Mar,3,12.9254,24
Arizona,4.0,Pinal,4021.0,2009,2009.0,Apr,4,11.4373,19
Arizona,4.0,Pinal,4021.0,2009,2009.0,May,5,13.4011,31
Arizona,4.0,Pinal,4021.0,2009,2009.0,Jun,6,12.4624,58
Arizona,4.0,Pinal,4021.0,2009,2009.0,Jul,7,14.6812,57
Arizona,4.0,Pinal,4021.0,2009,2009.0,Aug,8,14.2694,47
Arizona,4.0,Pinal,4021.0,2009,2009.0,Sep,9,12.9129,51
Arizona,4.0,Pinal,4021.0,2009,2009.0,Oct,10,11.5763,42
Arizona,4.0,Pinal,4021.0,2009,2009.0,Nov,11,16.5529,63
Arizona,4.0,Pinal,4021.0,2009,2009.0,Dec,12,14.5073,70
Arizona,4.0,Pinal,4021.0,2010,2010.0,Jan,1,14.5652,42
Arizona,4.0,Pinal,4021.0,2010,2010.0,Feb,2,10.5558,41
Arizona,4.0,Pinal,4021.0,2010,2010.0,Mar,3,11.1786,39
Arizona,4.0,Pinal,4021.0,2010,2010.0,Apr,4,9.8007,35
Arizona,4.0,Pinal,4021.0,2010,2010.0,May,5,7.0374,37
Arizona,4.0,Pinal,4021.0,2010,2010.0,Jun,6,8.2837,37
Arizona,4.0,Pinal,4021.0,2010,2010.0,Jul,7,6.7795,49
Arizona,4.0,Pinal,4021.0,2010,2010.0,Aug,8,6.5757,40
Arizona,4.0,Pinal,4021.0,2010,2010.0,Sep,9,7.4326,45
Arizona,4.0,Pinal,4021.0,2010,2010.0,Oct,10,7.3412,61
Arizona,4.0,Pinal,4021.0,2010,2010.0,Nov,11,10.0214,54
Arizona,4.0,Pinal,4021.0,2010,2010.0,Dec,12,15.1911,84
Arizona,4.0,Pinal,4021.0,2011,2011.0,Jan,1,14.6381,74
Arizona,4.0,Pinal,4021.0,2011,2011.0,Feb,2,8.7457,69
Arizona,4.0,Pinal,4021.0,2011,2011.0,Mar,3,8.3605,68
Arizona,4.0,Pinal,4021.0,2011,2011.0,Apr,4,6.8276,83
Arizona,4.0,Pinal,4021.0,2011,2011.0,May,5,7.1161,70
Arizona,4.0,Pinal,4021.0,2011,2011.0,Jun,6,8.5171,74
Arizona,4.0,Pinal,4021.0,2011,2011.0,Jul,7,9.3595,66
Arizona,4.0,Pinal,4021.0,2011,2011.0,Aug,8,8.6039,76
Arizona,4.0,Pinal,4021.0,2011,2011.0,Sep,9,8.4094,46
Arizona,4.0,Pinal,4021.0,2011,2011.0,Oct,10,8.2198,64
Arizona,4.0,Pinal,4021.0,2011,2011.0,Nov,11,8.2452,59
Arizona,4.0,Pinal,4021.0,2011,2011.0,Dec,12,13.6257,71
Arizona,4.0,Santa Cruz,4023.0,2003,2003.0,Jan,1,14.9441,0
Arizona,4.0,Santa Cruz,4023.0,2003,2003.0,Feb,2,9.0126,0
Arizona,4.0,Santa Cruz,4023.0,2003,2003.0,Mar,3,11.8649,0
Arizona,4.0,Santa Cruz,4023.0,2003,2003.0,Apr,4,8.8368,0
Arizona,4.0,Santa Cruz,4023.0,2003,2003.0,May,5,13.0237,0
Arizona,4.0,Santa Cruz,4023.0,2003,2003.0,Jun,6,10.6269,0
Arizona,4.0,Santa Cruz,4023.0,2003,2003.0,Jul,7,11.3962,0
Arizona,4.0,Santa Cruz,4023.0,2003,2003.0,Aug,8,9.6764,1
Arizona,4.0,Santa Cruz,4023.0,2003,2003.0,Sep,9,10.7436,0
Arizona,4.0,Santa Cruz,4023.0,2003,2003.0,Oct,10,13.6473,2
Arizona,4.0,Santa Cruz,4023.0,2003,2003.0,Nov,11,10.5105,0
Arizona,4.0,Santa Cruz,4023.0,2003,2003.0,Dec,12,12.7484,1
Arizona,4.0,Santa Cruz,4023.0,2004,2004.0,Jan,1,11.6505,2
Arizona,4.0,Santa Cruz,4023.0,2004,2004.0,Feb,2,10.464,0
Arizona,4.0,Santa Cruz,4023.0,2004,2004.0,Mar,3,12.9195,0
Arizona,4.0,Santa Cruz,4023.0,2004,2004.0,Apr,4,9.2213,1
Arizona,4.0,Santa Cruz,4023.0,2004,2004.0,May,5,9.7061,0
Arizona,4.0,Santa Cruz,4023.0,2004,2004.0,Jun,6,10.3011,0
Arizona,4.0,Santa Cruz,4023.0,2004,2004.0,Jul,7,9.7089,0
Arizona,4.0,Santa Cruz,4023.0,2004,2004.0,Aug,8,9.8917,1
Arizona,4.0,Santa Cruz,4023.0,2004,2004.0,Sep,9,11.5196,1
Arizona,4.0,Santa Cruz,4023.0,2004,2004.0,Oct,10,9.0209,0
Arizona,4.0,Santa Cruz,4023.0,2004,2004.0,Nov,11,8.0752,1
Arizona,4.0,Santa Cruz,4023.0,2004,2004.0,Dec,12,10.0974,1
Arizona,4.0,Santa Cruz,4023.0,2005,2005.0,Jan,1,8.552,0
Arizona,4.0,Santa Cruz,4023.0,2005,2005.0,Feb,2,6.9579,0
Arizona,4.0,Santa Cruz,4023.0,2005,2005.0,Mar,3,8.9255,0
Arizona,4.0,Santa Cruz,4023.0,2005,2005.0,Apr,4,9.8015,0
Arizona,4.0,Santa Cruz,4023.0,2005,2005.0,May,5,10.6162,0
Arizona,4.0,Santa Cruz,4023.0,2005,2005.0,Jun,6,11.9999,0
Arizona,4.0,Santa Cruz,4023.0,2005,2005.0,Jul,7,11.0076,0
Arizona,4.0,Santa Cruz,4023.0,2005,2005.0,Aug,8,10.4579,0
Arizona,4.0,Santa Cruz,4023.0,2005,2005.0,Sep,9,10.5967,1
Arizona,4.0,Santa Cruz,4023.0,2005,2005.0,Oct,10,11.3681,0
Arizona,4.0,Santa Cruz,4023.0,2005,2005.0,Nov,11,11.6381,1
Arizona,4.0,Santa Cruz,4023.0,2005,2005.0,Dec,12,12.8619,0
Arizona,4.0,Santa Cruz,4023.0,2006,2006.0,Jan,1,11.6101,0
Arizona,4.0,Santa Cruz,4023.0,2006,2006.0,Feb,2,10.8791,0
Arizona,4.0,Santa Cruz,4023.0,2006,2006.0,Mar,3,8.378,0
Arizona,4.0,Santa Cruz,4023.0,2006,2006.0,Apr,4,8.7077,0
Arizona,4.0,Santa Cruz,4023.0,2006,2006.0,May,5,10.5866,1
Arizona,4.0,Santa Cruz,4023.0,2006,2006.0,Jun,6,11.6933,3
Arizona,4.0,Santa Cruz,4023.0,2006,2006.0,Jul,7,8.5585,0
Arizona,4.0,Santa Cruz,4023.0,2006,2006.0,Aug,8,8.3646,1
Arizona,4.0,Santa Cruz,4023.0,2006,2006.0,Sep,9,7.1244,1
Arizona,4.0,Santa Cruz,4023.0,2006,2006.0,Oct,10,8.0499,0
Arizona,4.0,Santa Cruz,4023.0,2006,2006.0,Nov,11,10.3651,0
Arizona,4.0,Santa Cruz,4023.0,2006,2006.0,Dec,12,10.9539,0
Arizona,4.0,Santa Cruz,4023.0,2007,2007.0,Jan,1,9.2877,0
Arizona,4.0,Santa Cruz,4023.0,2007,2007.0,Feb,2,11.1358,1
Arizona,4.0,Santa Cruz,4023.0,2007,2007.0,Mar,3,9.0604,0
Arizona,4.0,Santa Cruz,4023.0,2007,2007.0,Apr,4,8.743,1
Arizona,4.0,Santa Cruz,4023.0,2007,2007.0,May,5,8.3744,2
Arizona,4.0,Santa Cruz,4023.0,2007,2007.0,Jun,6,12.0817,0
Arizona,4.0,Santa Cruz,4023.0,2007,2007.0,Jul,7,10.928,2
Arizona,4.0,Santa Cruz,4023.0,2007,2007.0,Aug,8,12.057,0
Arizona,4.0,Santa Cruz,4023.0,2007,2007.0,Sep,9,11.1388,0
Arizona,4.0,Santa Cruz,4023.0,2007,2007.0,Oct,10,12.1041,1
Arizona,4.0,Santa Cruz,4023.0,2007,2007.0,Nov,11,14.897,0
Arizona,4.0,Santa Cruz,4023.0,2007,2007.0,Dec,12,11.8329,0
Arizona,4.0,Santa Cruz,4023.0,2008,2008.0,Jan,1,10.1965,1
Arizona,4.0,Santa Cruz,4023.0,2008,2008.0,Feb,2,11.041,1
Arizona,4.0,Santa Cruz,4023.0,2008,2008.0,Mar,3,12.2421,0
Arizona,4.0,Santa Cruz,4023.0,2008,2008.0,Apr,4,12.6662,1
Arizona,4.0,Santa Cruz,4023.0,2008,2008.0,May,5,11.4204,1
Arizona,4.0,Santa Cruz,4023.0,2008,2008.0,Jun,6,11.2964,1
Arizona,4.0,Santa Cruz,4023.0,2008,2008.0,Jul,7,15.0008,0
Arizona,4.0,Santa Cruz,4023.0,2008,2008.0,Aug,8,12.3827,0
Arizona,4.0,Santa Cruz,4023.0,2008,2008.0,Sep,9,14.3365,0
Arizona,4.0,Santa Cruz,4023.0,2008,2008.0,Oct,10,13.8379,0
Arizona,4.0,Santa Cruz,4023.0,2008,2008.0,Nov,11,12.5339,0
Arizona,4.0,Santa Cruz,4023.0,2008,2008.0,Dec,12,10.6207,1
Arizona,4.0,Santa Cruz,4023.0,2009,2009.0,Jan,1,16.2061,1
Arizona,4.0,Santa Cruz,4023.0,2009,2009.0,Feb,2,10.7356,0
Arizona,4.0,Santa Cruz,4023.0,2009,2009.0,Mar,3,13.1104,0
Arizona,4.0,Santa Cruz,4023.0,2009,2009.0,Apr,4,11.5996,0
Arizona,4.0,Santa Cruz,4023.0,2009,2009.0,May,5,13.2818,1
Arizona,4.0,Santa Cruz,4023.0,2009,2009.0,Jun,6,12.7238,0
Arizona,4.0,Santa Cruz,4023.0,2009,2009.0,Jul,7,14.5397,2
Arizona,4.0,Santa Cruz,4023.0,2009,2009.0,Aug,8,14.1915,2
Arizona,4.0,Santa Cruz,4023.0,2009,2009.0,Sep,9,12.96,1
Arizona,4.0,Santa Cruz,4023.0,2009,2009.0,Oct,10,10.4555,1
Arizona,4.0,Santa Cruz,4023.0,2009,2009.0,Nov,11,15.3021,5
Arizona,4.0,Santa Cruz,4023.0,2009,2009.0,Dec,12,12.8563,1
Arizona,4.0,Santa Cruz,4023.0,2010,2010.0,Jan,1,13.9116,2
Arizona,4.0,Santa Cruz,4023.0,2010,2010.0,Feb,2,10.2277,0
Arizona,4.0,Santa Cruz,4023.0,2010,2010.0,Mar,3,10.7177,3
Arizona,4.0,Santa Cruz,4023.0,2010,2010.0,Apr,4,10.4751,0
Arizona,4.0,Santa Cruz,4023.0,2010,2010.0,May,5,8.4598,1
Arizona,4.0,Santa Cruz,4023.0,2010,2010.0,Jun,6,9.8679,2
Arizona,4.0,Santa Cruz,4023.0,2010,2010.0,Jul,7,8.6116,2
Arizona,4.0,Santa Cruz,4023.0,2010,2010.0,Aug,8,8.3544,1
Arizona,4.0,Santa Cruz,4023.0,2010,2010.0,Sep,9,8.1677,0
Arizona,4.0,Santa Cruz,4023.0,2010,2010.0,Oct,10,7.9947,0
Arizona,4.0,Santa Cruz,4023.0,2010,2010.0,Nov,11,10.4144,2
Arizona,4.0,Santa Cruz,4023.0,2010,2010.0,Dec,12,14.2195,1
Arizona,4.0,Santa Cruz,4023.0,2011,2011.0,Jan,1,15.0705,0
Arizona,4.0,Santa Cruz,4023.0,2011,2011.0,Feb,2,9.5685,1
Arizona,4.0,Santa Cruz,4023.0,2011,2011.0,Mar,3,9.2152,5
Arizona,4.0,Santa Cruz,4023.0,2011,2011.0,Apr,4,7.6161,0
Arizona,4.0,Santa Cruz,4023.0,2011,2011.0,May,5,7.7014,1
Arizona,4.0,Santa Cruz,4023.0,2011,2011.0,Jun,6,9.4981,1
Arizona,4.0,Santa Cruz,4023.0,2011,2011.0,Jul,7,8.3599,3
Arizona,4.0,Santa Cruz,4023.0,2011,2011.0,Aug,8,8.1955,3
Arizona,4.0,Santa Cruz,4023.0,2011,2011.0,Sep,9,7.7843,2
Arizona,4.0,Santa Cruz,4023.0,2011,2011.0,Oct,10,8.1872,2
Arizona,4.0,Santa Cruz,4023.0,2011,2011.0,Nov,11,7.8205,1
Arizona,4.0,Santa Cruz,4023.0,2011,2011.0,Dec,12,12.6743,1
Arizona,4.0,Yavapai,4025.0,2003,2003.0,Jan,1,19.0355,0
Arizona,4.0,Yavapai,4025.0,2003,2003.0,Feb,2,12.1747,0
Arizona,4.0,Yavapai,4025.0,2003,2003.0,Mar,3,13.4086,1
Arizona,4.0,Yavapai,4025.0,2003,2003.0,Apr,4,7.8803,3
Arizona,4.0,Yavapai,4025.0,2003,2003.0,May,5,14.7112,2
Arizona,4.0,Yavapai,4025.0,2003,2003.0,Jun,6,12.7001,1
Arizona,4.0,Yavapai,4025.0,2003,2003.0,Jul,7,14.4289,1
Arizona,4.0,Yavapai,4025.0,2003,2003.0,Aug,8,10.8135,2
Arizona,4.0,Yavapai,4025.0,2003,2003.0,Sep,9,14.0113,2
Arizona,4.0,Yavapai,4025.0,2003,2003.0,Oct,10,16.4923,3
Arizona,4.0,Yavapai,4025.0,2003,2003.0,Nov,11,12.2883,5
Arizona,4.0,Yavapai,4025.0,2003,2003.0,Dec,12,15.9448,3
Arizona,4.0,Yavapai,4025.0,2004,2004.0,Jan,1,16.4583,0
Arizona,4.0,Yavapai,4025.0,2004,2004.0,Feb,2,12.5939,1
Arizona,4.0,Yavapai,4025.0,2004,2004.0,Mar,3,15.1016,0
Arizona,4.0,Yavapai,4025.0,2004,2004.0,Apr,4,10.5145,2
Arizona,4.0,Yavapai,4025.0,2004,2004.0,May,5,10.4425,1
Arizona,4.0,Yavapai,4025.0,2004,2004.0,Jun,6,12.6433,3
Arizona,4.0,Yavapai,4025.0,2004,2004.0,Jul,7,12.7792,3
Arizona,4.0,Yavapai,4025.0,2004,2004.0,Aug,8,11.1361,3
Arizona,4.0,Yavapai,4025.0,2004,2004.0,Sep,9,11.9067,1
Arizona,4.0,Yavapai,4025.0,2004,2004.0,Oct,10,10.2701,2
Arizona,4.0,Yavapai,4025.0,2004,2004.0,Nov,11,11.8287,5
Arizona,4.0,Yavapai,4025.0,2004,2004.0,Dec,12,14.6895,1
Arizona,4.0,Yavapai,4025.0,2005,2005.0,Jan,1,11.5986,0
Arizona,4.0,Yavapai,4025.0,2005,2005.0,Feb,2,9.2575,3
Arizona,4.0,Yavapai,4025.0,2005,2005.0,Mar,3,9.7381,1
Arizona,4.0,Yavapai,4025.0,2005,2005.0,Apr,4,9.585,3
Arizona,4.0,Yavapai,4025.0,2005,2005.0,May,5,9.7348,2
Arizona,4.0,Yavapai,4025.0,2005,2005.0,Jun,6,12.5422,1
Arizona,4.0,Yavapai,4025.0,2005,2005.0,Jul,7,13.919,3
Arizona,4.0,Yavapai,4025.0,2005,2005.0,Aug,8,11.7582,3
Arizona,4.0,Yavapai,4025.0,2005,2005.0,Sep,9,11.6236,0
Arizona,4.0,Yavapai,4025.0,2005,2005.0,Oct,10,12.5042,6
Arizona,4.0,Yavapai,4025.0,2005,2005.0,Nov,11,13.4012,2
Arizona,4.0,Yavapai,4025.0,2005,2005.0,Dec,12,17.3263,1
Arizona,4.0,Yavapai,4025.0,2006,2006.0,Jan,1,12.8668,0
Arizona,4.0,Yavapai,4025.0,2006,2006.0,Feb,2,14.1889,1
Arizona,4.0,Yavapai,4025.0,2006,2006.0,Mar,3,9.4475,4
Arizona,4.0,Yavapai,4025.0,2006,2006.0,Apr,4,7.4798,5
Arizona,4.0,Yavapai,4025.0,2006,2006.0,May,5,9.8947,6
Arizona,4.0,Yavapai,4025.0,2006,2006.0,Jun,6,11.2284,2
Arizona,4.0,Yavapai,4025.0,2006,2006.0,Jul,7,10.7687,2
Arizona,4.0,Yavapai,4025.0,2006,2006.0,Aug,8,9.2256,3
Arizona,4.0,Yavapai,4025.0,2006,2006.0,Sep,9,9.4571,1
Arizona,4.0,Yavapai,4025.0,2006,2006.0,Oct,10,8.95,0
Arizona,4.0,Yavapai,4025.0,2006,2006.0,Nov,11,12.2747,1
Arizona,4.0,Yavapai,4025.0,2006,2006.0,Dec,12,15.6841,4
Arizona,4.0,Yavapai,4025.0,2007,2007.0,Jan,1,14.8079,0
Arizona,4.0,Yavapai,4025.0,2007,2007.0,Feb,2,11.4017,3
Arizona,4.0,Yavapai,4025.0,2007,2007.0,Mar,3,9.2715,2
Arizona,4.0,Yavapai,4025.0,2007,2007.0,Apr,4,8.6478,3
Arizona,4.0,Yavapai,4025.0,2007,2007.0,May,5,8.2788,0
Arizona,4.0,Yavapai,4025.0,2007,2007.0,Jun,6,9.5451,1
Arizona,4.0,Yavapai,4025.0,2007,2007.0,Jul,7,9.6245,5
Arizona,4.0,Yavapai,4025.0,2007,2007.0,Aug,8,10.573,2
Arizona,4.0,Yavapai,4025.0,2007,2007.0,Sep,9,8.9411,3
Arizona,4.0,Yavapai,4025.0,2007,2007.0,Oct,10,11.479,4
Arizona,4.0,Yavapai,4025.0,2007,2007.0,Nov,11,14.1871,2
Arizona,4.0,Yavapai,4025.0,2007,2007.0,Dec,12,12.7377,1
Arizona,4.0,Yavapai,4025.0,2008,2008.0,Jan,1,10.48,1
Arizona,4.0,Yavapai,4025.0,2008,2008.0,Feb,2,11.2712,0
Arizona,4.0,Yavapai,4025.0,2008,2008.0,Mar,3,10.4792,2
Arizona,4.0,Yavapai,4025.0,2008,2008.0,Apr,4,10.8857,1
Arizona,4.0,Yavapai,4025.0,2008,2008.0,May,5,10.4429,1
Arizona,4.0,Yavapai,4025.0,2008,2008.0,Jun,6,11.0279,3
Arizona,4.0,Yavapai,4025.0,2008,2008.0,Jul,7,15.0629,2
Arizona,4.0,Yavapai,4025.0,2008,2008.0,Aug,8,12.3849,3
Arizona,4.0,Yavapai,4025.0,2008,2008.0,Sep,9,13.9086,1
Arizona,4.0,Yavapai,4025.0,2008,2008.0,Oct,10,13.3089,3
Arizona,4.0,Yavapai,4025.0,2008,2008.0,Nov,11,12.8251,1
Arizona,4.0,Yavapai,4025.0,2008,2008.0,Dec,12,14.4906,5
Arizona,4.0,Yavapai,4025.0,2009,2009.0,Jan,1,18.3467,1
Arizona,4.0,Yavapai,4025.0,2009,2009.0,Feb,2,10.4555,4
Arizona,4.0,Yavapai,4025.0,2009,2009.0,Mar,3,11.749,3
Arizona,4.0,Yavapai,4025.0,2009,2009.0,Apr,4,10.8211,4
Arizona,4.0,Yavapai,4025.0,2009,2009.0,May,5,13.6618,2
Arizona,4.0,Yavapai,4025.0,2009,2009.0,Jun,6,12.3498,3
Arizona,4.0,Yavapai,4025.0,2009,2009.0,Jul,7,15.2113,5
Arizona,4.0,Yavapai,4025.0,2009,2009.0,Aug,8,14.3956,5
Arizona,4.0,Yavapai,4025.0,2009,2009.0,Sep,9,13.3232,6
Arizona,4.0,Yavapai,4025.0,2009,2009.0,Oct,10,11.3092,7
Arizona,4.0,Yavapai,4025.0,2009,2009.0,Nov,11,17.5873,6
Arizona,4.0,Yavapai,4025.0,2009,2009.0,Dec,12,17.7969,4
Arizona,4.0,Yavapai,4025.0,2010,2010.0,Jan,1,15.1062,6
Arizona,4.0,Yavapai,4025.0,2010,2010.0,Feb,2,10.2357,3
Arizona,4.0,Yavapai,4025.0,2010,2010.0,Mar,3,10.5498,3
Arizona,4.0,Yavapai,4025.0,2010,2010.0,Apr,4,9.24,5
Arizona,4.0,Yavapai,4025.0,2010,2010.0,May,5,6.9045,2
Arizona,4.0,Yavapai,4025.0,2010,2010.0,Jun,6,8.3315,4
Arizona,4.0,Yavapai,4025.0,2010,2010.0,Jul,7,8.6747,1
Arizona,4.0,Yavapai,4025.0,2010,2010.0,Aug,8,7.9571,0
Arizona,4.0,Yavapai,4025.0,2010,2010.0,Sep,9,8.6447,1
Arizona,4.0,Yavapai,4025.0,2010,2010.0,Oct,10,8.1808,4
Arizona,4.0,Yavapai,4025.0,2010,2010.0,Nov,11,10.6056,4
Arizona,4.0,Yavapai,4025.0,2010,2010.0,Dec,12,14.3418,6
Arizona,4.0,Yavapai,4025.0,2011,2011.0,Jan,1,16.8485,4
Arizona,4.0,Yavapai,4025.0,2011,2011.0,Feb,2,10.9439,3
Arizona,4.0,Yavapai,4025.0,2011,2011.0,Mar,3,9.3821,4
Arizona,4.0,Yavapai,4025.0,2011,2011.0,Apr,4,7.1411,5
Arizona,4.0,Yavapai,4025.0,2011,2011.0,May,5,7.9433,6
Arizona,4.0,Yavapai,4025.0,2011,2011.0,Jun,6,9.0548,9
Arizona,4.0,Yavapai,4025.0,2011,2011.0,Jul,7,10.9177,5
Arizona,4.0,Yavapai,4025.0,2011,2011.0,Aug,8,10.2811,6
Arizona,4.0,Yavapai,4025.0,2011,2011.0,Sep,9,10.1549,3
Arizona,4.0,Yavapai,4025.0,2011,2011.0,Oct,10,9.724,4
Arizona,4.0,Yavapai,4025.0,2011,2011.0,Nov,11,9.9498,6
Arizona,4.0,Yavapai,4025.0,2011,2011.0,Dec,12,15.8181,4
Arizona,4.0,Yuma,4027.0,2003,2003.0,Jan,1,16.9789,1
Arizona,4.0,Yuma,4027.0,2003,2003.0,Feb,2,10.3448,1
Arizona,4.0,Yuma,4027.0,2003,2003.0,Mar,3,12.4387,3
Arizona,4.0,Yuma,4027.0,2003,2003.0,Apr,4,7.4986,0
Arizona,4.0,Yuma,4027.0,2003,2003.0,May,5,14.6912,1
Arizona,4.0,Yuma,4027.0,2003,2003.0,Jun,6,13.349,0
Arizona,4.0,Yuma,4027.0,2003,2003.0,Jul,7,14.5339,0
Arizona,4.0,Yuma,4027.0,2003,2003.0,Aug,8,10.1953,0
Arizona,4.0,Yuma,4027.0,2003,2003.0,Sep,9,13.6103,2
Arizona,4.0,Yuma,4027.0,2003,2003.0,Oct,10,16.9086,0
Arizona,4.0,Yuma,4027.0,2003,2003.0,Nov,11,12.468,0
Arizona,4.0,Yuma,4027.0,2003,2003.0,Dec,12,14.9388,3
Arizona,4.0,Yuma,4027.0,2004,2004.0,Jan,1,14.7496,1
Arizona,4.0,Yuma,4027.0,2004,2004.0,Feb,2,11.0058,1
Arizona,4.0,Yuma,4027.0,2004,2004.0,Mar,3,12.8398,2
Arizona,4.0,Yuma,4027.0,2004,2004.0,Apr,4,9.7673,2
Arizona,4.0,Yuma,4027.0,2004,2004.0,May,5,10.4325,1
Arizona,4.0,Yuma,4027.0,2004,2004.0,Jun,6,13.0191,0
Arizona,4.0,Yuma,4027.0,2004,2004.0,Jul,7,10.6489,1
Arizona,4.0,Yuma,4027.0,2004,2004.0,Aug,8,9.6982,1
Arizona,4.0,Yuma,4027.0,2004,2004.0,Sep,9,10.9437,1
Arizona,4.0,Yuma,4027.0,2004,2004.0,Oct,10,10.4641,0
Arizona,4.0,Yuma,4027.0,2004,2004.0,Nov,11,11.7462,1
Arizona,4.0,Yuma,4027.0,2004,2004.0,Dec,12,14.2009,2
Arizona,4.0,Yuma,4027.0,2005,2005.0,Jan,1,10.0946,1
Arizona,4.0,Yuma,4027.0,2005,2005.0,Feb,2,7.9531,1
Arizona,4.0,Yuma,4027.0,2005,2005.0,Mar,3,9.4882,2
Arizona,4.0,Yuma,4027.0,2005,2005.0,Apr,4,10.1502,1
Arizona,4.0,Yuma,4027.0,2005,2005.0,May,5,10.7104,2
Arizona,4.0,Yuma,4027.0,2005,2005.0,Jun,6,11.9624,3
Arizona,4.0,Yuma,4027.0,2005,2005.0,Jul,7,13.3106,2
Arizona,4.0,Yuma,4027.0,2005,2005.0,Aug,8,11.3282,0
Arizona,4.0,Yuma,4027.0,2005,2005.0,Sep,9,12.0729,0
Arizona,4.0,Yuma,4027.0,2005,2005.0,Oct,10,13.0619,1
Arizona,4.0,Yuma,4027.0,2005,2005.0,Nov,11,13.95,0
Arizona,4.0,Yuma,4027.0,2005,2005.0,Dec,12,17.3237,2
Arizona,4.0,Yuma,4027.0,2006,2006.0,Jan,1,13.3965,3
Arizona,4.0,Yuma,4027.0,2006,2006.0,Feb,2,12.8408,2
Arizona,4.0,Yuma,4027.0,2006,2006.0,Mar,3,8.0871,4
Arizona,4.0,Yuma,4027.0,2006,2006.0,Apr,4,7.5015,2
Arizona,4.0,Yuma,4027.0,2006,2006.0,May,5,9.3062,0
Arizona,4.0,Yuma,4027.0,2006,2006.0,Jun,6,10.8509,3
Arizona,4.0,Yuma,4027.0,2006,2006.0,Jul,7,9.7742,2
Arizona,4.0,Yuma,4027.0,2006,2006.0,Aug,8,8.4901,0
Arizona,4.0,Yuma,4027.0,2006,2006.0,Sep,9,9.3826,4
Arizona,4.0,Yuma,4027.0,2006,2006.0,Oct,10,8.7323,2
Arizona,4.0,Yuma,4027.0,2006,2006.0,Nov,11,12.7026,2
Arizona,4.0,Yuma,4027.0,2006,2006.0,Dec,12,15.4011,3
Arizona,4.0,Yuma,4027.0,2007,2007.0,Jan,1,12.0817,0
Arizona,4.0,Yuma,4027.0,2007,2007.0,Feb,2,10.8054,1
Arizona,4.0,Yuma,4027.0,2007,2007.0,Mar,3,8.3958,4
Arizona,4.0,Yuma,4027.0,2007,2007.0,Apr,4,8.0304,1
Arizona,4.0,Yuma,4027.0,2007,2007.0,May,5,8.2051,1
Arizona,4.0,Yuma,4027.0,2007,2007.0,Jun,6,10.6809,1
Arizona,4.0,Yuma,4027.0,2007,2007.0,Jul,7,9.7059,0
Arizona,4.0,Yuma,4027.0,2007,2007.0,Aug,8,10.734,1
Arizona,4.0,Yuma,4027.0,2007,2007.0,Sep,9,8.9391,0
Arizona,4.0,Yuma,4027.0,2007,2007.0,Oct,10,12.9215,3
Arizona,4.0,Yuma,4027.0,2007,2007.0,Nov,11,15.3585,1
Arizona,4.0,Yuma,4027.0,2007,2007.0,Dec,12,13.3018,0
Arizona,4.0,Yuma,4027.0,2008,2008.0,Jan,1,9.7999,0
Arizona,4.0,Yuma,4027.0,2008,2008.0,Feb,2,9.7014,2
Arizona,4.0,Yuma,4027.0,2008,2008.0,Mar,3,10.1861,0
Arizona,4.0,Yuma,4027.0,2008,2008.0,Apr,4,11.1409,1
Arizona,4.0,Yuma,4027.0,2008,2008.0,May,5,10.7806,0
Arizona,4.0,Yuma,4027.0,2008,2008.0,Jun,6,10.9083,0
Arizona,4.0,Yuma,4027.0,2008,2008.0,Jul,7,13.7944,1
Arizona,4.0,Yuma,4027.0,2008,2008.0,Aug,8,11.0809,0
Arizona,4.0,Yuma,4027.0,2008,2008.0,Sep,9,13.6846,0
Arizona,4.0,Yuma,4027.0,2008,2008.0,Oct,10,12.8651,0
Arizona,4.0,Yuma,4027.0,2008,2008.0,Nov,11,11.7006,2
Arizona,4.0,Yuma,4027.0,2008,2008.0,Dec,12,13.5906,1
Arizona,4.0,Yuma,4027.0,2009,2009.0,Jan,1,17.0263,1
Arizona,4.0,Yuma,4027.0,2009,2009.0,Feb,2,9.3102,0
Arizona,4.0,Yuma,4027.0,2009,2009.0,Mar,3,11.595,0
Arizona,4.0,Yuma,4027.0,2009,2009.0,Apr,4,11.1277,0
Arizona,4.0,Yuma,4027.0,2009,2009.0,May,5,14.3956,3
Arizona,4.0,Yuma,4027.0,2009,2009.0,Jun,6,11.9803,2
Arizona,4.0,Yuma,4027.0,2009,2009.0,Jul,7,15.874,2
Arizona,4.0,Yuma,4027.0,2009,2009.0,Aug,8,14.8034,0
Arizona,4.0,Yuma,4027.0,2009,2009.0,Sep,9,14.0024,1
Arizona,4.0,Yuma,4027.0,2009,2009.0,Oct,10,13.0985,1
Arizona,4.0,Yuma,4027.0,2009,2009.0,Nov,11,17.8933,0
Arizona,4.0,Yuma,4027.0,2009,2009.0,Dec,12,16.0676,2
Arizona,4.0,Yuma,4027.0,2010,2010.0,Jan,1,14.5855,3
Arizona,4.0,Yuma,4027.0,2010,2010.0,Feb,2,9.9414,2
Arizona,4.0,Yuma,4027.0,2010,2010.0,Mar,3,10.2206,0
Arizona,4.0,Yuma,4027.0,2010,2010.0,Apr,4,9.4725,0
Arizona,4.0,Yuma,4027.0,2010,2010.0,May,5,6.7531,3
Arizona,4.0,Yuma,4027.0,2010,2010.0,Jun,6,6.6507,0
Arizona,4.0,Yuma,4027.0,2010,2010.0,Jul,7,6.7101,3
Arizona,4.0,Yuma,4027.0,2010,2010.0,Aug,8,5.6225,2
Arizona,4.0,Yuma,4027.0,2010,2010.0,Sep,9,7.4666,1
Arizona,4.0,Yuma,4027.0,2010,2010.0,Oct,10,7.4821,1
Arizona,4.0,Yuma,4027.0,2010,2010.0,Nov,11,11.1257,3
Arizona,4.0,Yuma,4027.0,2010,2010.0,Dec,12,16.3017,3
Arizona,4.0,Yuma,4027.0,2011,2011.0,Jan,1,14.7448,4
Arizona,4.0,Yuma,4027.0,2011,2011.0,Feb,2,10.1606,4
Arizona,4.0,Yuma,4027.0,2011,2011.0,Mar,3,8.2798,3
Arizona,4.0,Yuma,4027.0,2011,2011.0,Apr,4,6.6807,0
Arizona,4.0,Yuma,4027.0,2011,2011.0,May,5,7.6206,0
Arizona,4.0,Yuma,4027.0,2011,2011.0,Jun,6,7.1116,3
Arizona,4.0,Yuma,4027.0,2011,2011.0,Jul,7,8.7386,5
Arizona,4.0,Yuma,4027.0,2011,2011.0,Aug,8,9.0067,1
Arizona,4.0,Yuma,4027.0,2011,2011.0,Sep,9,9.2599,3
Arizona,4.0,Yuma,4027.0,2011,2011.0,Oct,10,9.904,3
Arizona,4.0,Yuma,4027.0,2011,2011.0,Nov,11,10.7845,1
Arizona,4.0,Yuma,4027.0,2011,2011.0,Dec,12,16.6304,3
