State,State Code,County,County Code,Year,Year Code,Month,Month Code,Avg Day Land Surface Temperature (F),Avg Night Land Surface Temperature (F)
Arizona,4.0,"Apache County, AZ",4001.0,2003.0,2003.0,Jan,1.0,56.3483,22.7507
Arizona,4.0,"Apache County, AZ",4001.0,2003.0,2003.0,Feb,2.0,57.6063,18.3087
Arizona,4.0,"Apache County, AZ",4001.0,2003.0,2003.0,Mar,3.0,72.8166,25.0819
Arizona,4.0,"Apache County, AZ",4001.0,2003.0,2003.0,Apr,4.0,87.3119,30.7526
Arizona,4.0,"Apache County, AZ",4001.0,2003.0,2003.0,May,5.0,102.8179,41.742
Arizona,4.0,"Apache County, AZ",4001.0,2003.0,2003.0,Jun,6.0,114.7581,49.8852
Arizona,4.0,"Apache County, AZ",4001.0,2003.0,2003.0,Jul,7.0,122.8439,58.234
Arizona,4.0,"Apache County, AZ",4001.0,2003.0,2003.0,Aug,8.0,106.8851,55.7729
Arizona,4.0,"Apache County, AZ",4001.0,2003.0,2003.0,Sep,9.0,98.3839,48.2384
Arizona,4.0,"Apache County, AZ",4001.0,2003.0,2003.0,Oct,10.0,85.5412,41.2829
Arizona,4.0,"Apache County, AZ",4001.0,2003.0,2003.0,Nov,11.0,59.6799,24.4384
Arizona,4.0,"Apache County, AZ",4001.0,2003.0,2003.0,Dec,12.0,50.4246,16.7134
Arizona,4.0,"Apache County, AZ",4001.0,2004.0,2004.0,Jan,1.0,49.7505,16.83
Arizona,4.0,"Apache County, AZ",4001.0,2004.0,2004.0,Feb,2.0,50.8263,13.9446
Arizona,4.0,"Apache County, AZ",4001.0,2004.0,2004.0,Mar,3.0,81.9478,30.8625
Arizona,4.0,"Apache County, AZ",4001.0,2004.0,2004.0,Apr,4.0,84.9657,34.0686
Arizona,4.0,"Apache County, AZ",4001.0,2004.0,2004.0,May,5.0,104.1825,41.9011
Arizona,4.0,"Apache County, AZ",4001.0,2004.0,2004.0,Jun,6.0,116.4031,49.8094
Arizona,4.0,"Apache County, AZ",4001.0,2004.0,2004.0,Jul,7.0,115.5289,54.4476
Arizona,4.0,"Apache County, AZ",4001.0,2004.0,2004.0,Aug,8.0,106.9005,53.1446
Arizona,4.0,"Apache County, AZ",4001.0,2004.0,2004.0,Sep,9.0,98.3951,47.9028
Arizona,4.0,"Apache County, AZ",4001.0,2004.0,2004.0,Oct,10.0,76.6368,37.7815
Arizona,4.0,"Apache County, AZ",4001.0,2004.0,2004.0,Nov,11.0,56.2607,25.6314
Arizona,4.0,"Apache County, AZ",4001.0,2004.0,2004.0,Dec,12.0,50.1955,19.3519
Arizona,4.0,"Apache County, AZ",4001.0,2005.0,2005.0,Jan,1.0,52.3912,21.8009
Arizona,4.0,"Apache County, AZ",4001.0,2005.0,2005.0,Feb,2.0,52.7845,20.5435
Arizona,4.0,"Apache County, AZ",4001.0,2005.0,2005.0,Mar,3.0,67.191,25.611
Arizona,4.0,"Apache County, AZ",4001.0,2005.0,2005.0,Apr,4.0,87.6797,31.3634
Arizona,4.0,"Apache County, AZ",4001.0,2005.0,2005.0,May,5.0,101.1706,42.5699
Arizona,4.0,"Apache County, AZ",4001.0,2005.0,2005.0,Jun,6.0,110.027,48.4205
Arizona,4.0,"Apache County, AZ",4001.0,2005.0,2005.0,Jul,7.0,121.0813,57.5792
Arizona,4.0,"Apache County, AZ",4001.0,2005.0,2005.0,Aug,8.0,102.4015,53.9883
Arizona,4.0,"Apache County, AZ",4001.0,2005.0,2005.0,Sep,9.0,96.9388,48.7038
Arizona,4.0,"Apache County, AZ",4001.0,2005.0,2005.0,Oct,10.0,81.9817,39.3872
Arizona,4.0,"Apache County, AZ",4001.0,2005.0,2005.0,Nov,11.0,65.9798,25.7781
Arizona,4.0,"Apache County, AZ",4001.0,2005.0,2005.0,Dec,12.0,54.6451,15.4895
Arizona,4.0,"Apache County, AZ",4001.0,2006.0,2006.0,Jan,1.0,56.5096,17.5051
Arizona,4.0,"Apache County, AZ",4001.0,2006.0,2006.0,Feb,2.0,66.5738,19.0955
Arizona,4.0,"Apache County, AZ",4001.0,2006.0,2006.0,Mar,3.0,67.4793,24.4937
Arizona,4.0,"Apache County, AZ",4001.0,2006.0,2006.0,Apr,4.0,92.1171,33.6678
Arizona,4.0,"Apache County, AZ",4001.0,2006.0,2006.0,May,5.0,108.9546,43.8815
Arizona,4.0,"Apache County, AZ",4001.0,2006.0,2006.0,Jun,6.0,119.0875,52.2966
Arizona,4.0,"Apache County, AZ",4001.0,2006.0,2006.0,Jul,7.0,114.3554,57.47
Arizona,4.0,"Apache County, AZ",4001.0,2006.0,2006.0,Aug,8.0,99.2274,54.1053
Arizona,4.0,"Apache County, AZ",4001.0,2006.0,2006.0,Sep,9.0,91.5927,44.7892
Arizona,4.0,"Apache County, AZ",4001.0,2006.0,2006.0,Oct,10.0,71.8406,36.074
Arizona,4.0,"Apache County, AZ",4001.0,2006.0,2006.0,Nov,11.0,68.0782,27.8228
Arizona,4.0,"Apache County, AZ",4001.0,2006.0,2006.0,Dec,12.0,49.1356,16.1596
Arizona,4.0,"Apache County, AZ",4001.0,2007.0,2007.0,Jan,1.0,42.251,14.8221
Arizona,4.0,"Apache County, AZ",4001.0,2007.0,2007.0,Feb,2.0,53.3569,21.3078
Arizona,4.0,"Apache County, AZ",4001.0,2007.0,2007.0,Mar,3.0,80.0562,26.9835
Arizona,4.0,"Apache County, AZ",4001.0,2007.0,2007.0,Apr,4.0,88.7836,33.7173
Arizona,4.0,"Apache County, AZ",4001.0,2007.0,2007.0,May,5.0,101.4039,42.4465
Arizona,4.0,"Apache County, AZ",4001.0,2007.0,2007.0,Jun,6.0,116.0695,51.1171
Arizona,4.0,"Apache County, AZ",4001.0,2007.0,2007.0,Jul,7.0,116.9039,56.6207
Arizona,4.0,"Apache County, AZ",4001.0,2007.0,2007.0,Aug,8.0,103.5927,58.2549
Arizona,4.0,"Apache County, AZ",4001.0,2007.0,2007.0,Sep,9.0,96.7225,50.4604
Arizona,4.0,"Apache County, AZ",4001.0,2007.0,2007.0,Oct,10.0,81.9913,38.228
Arizona,4.0,"Apache County, AZ",4001.0,2007.0,2007.0,Nov,11.0,71.3135,29.8562
Arizona,4.0,"Apache County, AZ",4001.0,2007.0,2007.0,Dec,12.0,41.7506,17.1268
Arizona,4.0,"Apache County, AZ",4001.0,2008.0,2008.0,Jan,1.0,38.3549,10.2221
Arizona,4.0,"Apache County, AZ",4001.0,2008.0,2008.0,Feb,2.0,50.2955,19.204
Arizona,4.0,"Apache County, AZ",4001.0,2008.0,2008.0,Mar,3.0,75.3612,25.0739
Arizona,4.0,"Apache County, AZ",4001.0,2008.0,2008.0,Apr,4.0,90.2411,30.2504
Arizona,4.0,"Apache County, AZ",4001.0,2008.0,2008.0,May,5.0,100.9894,38.4691
Arizona,4.0,"Apache County, AZ",4001.0,2008.0,2008.0,Jun,6.0,114.5036,50.6105
Arizona,4.0,"Apache County, AZ",4001.0,2008.0,2008.0,Jul,7.0,110.9864,57.4077
Arizona,4.0,"Apache County, AZ",4001.0,2008.0,2008.0,Aug,8.0,107.158,56.0002
Arizona,4.0,"Apache County, AZ",4001.0,2008.0,2008.0,Sep,9.0,96.4349,49.0607
Arizona,4.0,"Apache County, AZ",4001.0,2008.0,2008.0,Oct,10.0,82.9052,36.5056
Arizona,4.0,"Apache County, AZ",4001.0,2008.0,2008.0,Nov,11.0,67.5277,27.3316
Arizona,4.0,"Apache County, AZ",4001.0,2008.0,2008.0,Dec,12.0,45.8486,19.7624
Arizona,4.0,"Cochise County, AZ",4003.0,2003.0,2003.0,Jan,1.0,78.1522,32.1801
Arizona,4.0,"Cochise County, AZ",4003.0,2003.0,2003.0,Feb,2.0,75.3084,32.8721
Arizona,4.0,"Cochise County, AZ",4003.0,2003.0,2003.0,Mar,3.0,91.7405,36.2721
Arizona,4.0,"Cochise County, AZ",4003.0,2003.0,2003.0,Apr,4.0,103.2746,41.2633
Arizona,4.0,"Cochise County, AZ",4003.0,2003.0,2003.0,May,5.0,115.961,52.0871
Arizona,4.0,"Cochise County, AZ",4003.0,2003.0,2003.0,Jun,6.0,125.2012,61.0152
Arizona,4.0,"Cochise County, AZ",4003.0,2003.0,2003.0,Jul,7.0,123.9276,65.6392
Arizona,4.0,"Cochise County, AZ",4003.0,2003.0,2003.0,Aug,8.0,114.4583,63.9918
Arizona,4.0,"Cochise County, AZ",4003.0,2003.0,2003.0,Sep,9.0,112.0894,61.2966
Arizona,4.0,"Cochise County, AZ",4003.0,2003.0,2003.0,Oct,10.0,100.4444,53.2489
Arizona,4.0,"Cochise County, AZ",4003.0,2003.0,2003.0,Nov,11.0,79.495,37.1195
Arizona,4.0,"Cochise County, AZ",4003.0,2003.0,2003.0,Dec,12.0,69.5791,29.4994
Arizona,4.0,"Cochise County, AZ",4003.0,2004.0,2004.0,Jan,1.0,65.9236,31.6967
Arizona,4.0,"Cochise County, AZ",4003.0,2004.0,2004.0,Feb,2.0,74.2981,28.9039
Arizona,4.0,"Cochise County, AZ",4003.0,2004.0,2004.0,Mar,3.0,93.0259,42.2306
Arizona,4.0,"Cochise County, AZ",4003.0,2004.0,2004.0,Apr,4.0,98.6978,44.1548
Arizona,4.0,"Cochise County, AZ",4003.0,2004.0,2004.0,May,5.0,115.0722,52.7855
Arizona,4.0,"Cochise County, AZ",4003.0,2004.0,2004.0,Jun,6.0,124.2947,60.0967
Arizona,4.0,"Cochise County, AZ",4003.0,2004.0,2004.0,Jul,7.0,119.3258,62.7455
Arizona,4.0,"Cochise County, AZ",4003.0,2004.0,2004.0,Aug,8.0,110.8777,61.591
Arizona,4.0,"Cochise County, AZ",4003.0,2004.0,2004.0,Sep,9.0,105.9959,58.1893
Arizona,4.0,"Cochise County, AZ",4003.0,2004.0,2004.0,Oct,10.0,92.6506,48.8295
Arizona,4.0,"Cochise County, AZ",4003.0,2004.0,2004.0,Nov,11.0,71.445,34.9381
Arizona,4.0,"Cochise County, AZ",4003.0,2004.0,2004.0,Dec,12.0,65.9918,29.9826
Arizona,4.0,"Cochise County, AZ",4003.0,2005.0,2005.0,Jan,1.0,65.7273,32.5778
Arizona,4.0,"Cochise County, AZ",4003.0,2005.0,2005.0,Feb,2.0,66.2153,33.9312
Arizona,4.0,"Cochise County, AZ",4003.0,2005.0,2005.0,Mar,3.0,85.3298,37.1582
Arizona,4.0,"Cochise County, AZ",4003.0,2005.0,2005.0,Apr,4.0,100.3312,43.1327
Arizona,4.0,"Cochise County, AZ",4003.0,2005.0,2005.0,May,5.0,115.2054,52.1377
Arizona,4.0,"Cochise County, AZ",4003.0,2005.0,2005.0,Jun,6.0,122.5508,60.9627
Arizona,4.0,"Cochise County, AZ",4003.0,2005.0,2005.0,Jul,7.0,125.8503,67.2156
Arizona,4.0,"Cochise County, AZ",4003.0,2005.0,2005.0,Aug,8.0,106.515,63.9052
Arizona,4.0,"Cochise County, AZ",4003.0,2005.0,2005.0,Sep,9.0,106.3892,60.1442
Arizona,4.0,"Cochise County, AZ",4003.0,2005.0,2005.0,Oct,10.0,94.8983,50.3381
Arizona,4.0,"Cochise County, AZ",4003.0,2005.0,2005.0,Nov,11.0,82.8929,38.6613
Arizona,4.0,"Cochise County, AZ",4003.0,2005.0,2005.0,Dec,12.0,73.9134,31.3782
Arizona,4.0,"Cochise County, AZ",4003.0,2006.0,2006.0,Jan,1.0,75.2431,29.7247
Arizona,4.0,"Cochise County, AZ",4003.0,2006.0,2006.0,Feb,2.0,83.9955,33.3508
Arizona,4.0,"Cochise County, AZ",4003.0,2006.0,2006.0,Mar,3.0,88.8816,35.1275
Arizona,4.0,"Cochise County, AZ",4003.0,2006.0,2006.0,Apr,4.0,107.4927,44.316
Arizona,4.0,"Cochise County, AZ",4003.0,2006.0,2006.0,May,5.0,119.286,54.6703
Arizona,4.0,"Cochise County, AZ",4003.0,2006.0,2006.0,Jun,6.0,124.36,62.8354
Arizona,4.0,"Cochise County, AZ",4003.0,2006.0,2006.0,Jul,7.0,119.0925,66.1497
Arizona,4.0,"Cochise County, AZ",4003.0,2006.0,2006.0,Aug,8.0,100.1636,62.219
Arizona,4.0,"Cochise County, AZ",4003.0,2006.0,2006.0,Sep,9.0,95.2407,57.1648
Arizona,4.0,"Cochise County, AZ",4003.0,2006.0,2006.0,Oct,10.0,88.1068,47.5737
Arizona,4.0,"Cochise County, AZ",4003.0,2006.0,2006.0,Nov,11.0,83.5722,39.9728
Arizona,4.0,"Cochise County, AZ",4003.0,2006.0,2006.0,Dec,12.0,68.8205,29.4071
Arizona,4.0,"Cochise County, AZ",4003.0,2007.0,2007.0,Jan,1.0,61.9774,28.1302
Arizona,4.0,"Cochise County, AZ",4003.0,2007.0,2007.0,Feb,2.0,78.5422,32.0936
Arizona,4.0,"Cochise County, AZ",4003.0,2007.0,2007.0,Mar,3.0,94.7129,38.1234
Arizona,4.0,"Cochise County, AZ",4003.0,2007.0,2007.0,Apr,4.0,100.4671,44.1404
Arizona,4.0,"Cochise County, AZ",4003.0,2007.0,2007.0,May,5.0,113.893,54.0064
Arizona,4.0,"Cochise County, AZ",4003.0,2007.0,2007.0,Jun,6.0,122.9333,61.8246
Arizona,4.0,"Cochise County, AZ",4003.0,2007.0,2007.0,Jul,7.0,117.3354,64.402
Arizona,4.0,"Cochise County, AZ",4003.0,2007.0,2007.0,Aug,8.0,105.5895,66.1745
Arizona,4.0,"Cochise County, AZ",4003.0,2007.0,2007.0,Sep,9.0,103.222,60.8202
Arizona,4.0,"Cochise County, AZ",4003.0,2007.0,2007.0,Oct,10.0,95.6522,49.5713
Arizona,4.0,"Cochise County, AZ",4003.0,2007.0,2007.0,Nov,11.0,87.0543,43.5589
Arizona,4.0,"Cochise County, AZ",4003.0,2007.0,2007.0,Dec,12.0,63.4336,29.92
Arizona,4.0,"Cochise County, AZ",4003.0,2008.0,2008.0,Jan,1.0,66.6789,27.4554
Arizona,4.0,"Cochise County, AZ",4003.0,2008.0,2008.0,Feb,2.0,80.7715,32.4777
Arizona,4.0,"Cochise County, AZ",4003.0,2008.0,2008.0,Mar,3.0,95.0348,36.0337
Arizona,4.0,"Cochise County, AZ",4003.0,2008.0,2008.0,Apr,4.0,106.6121,42.3026
Arizona,4.0,"Cochise County, AZ",4003.0,2008.0,2008.0,May,5.0,113.8624,49.8049
Arizona,4.0,"Cochise County, AZ",4003.0,2008.0,2008.0,Jun,6.0,125.9362,61.9569
Arizona,4.0,"Cochise County, AZ",4003.0,2008.0,2008.0,Jul,7.0,109.314,64.2199
Arizona,4.0,"Cochise County, AZ",4003.0,2008.0,2008.0,Aug,8.0,101.0442,63.8762
Arizona,4.0,"Cochise County, AZ",4003.0,2008.0,2008.0,Sep,9.0,100.1156,59.7874
Arizona,4.0,"Cochise County, AZ",4003.0,2008.0,2008.0,Oct,10.0,96.0295,49.0466
Arizona,4.0,"Cochise County, AZ",4003.0,2008.0,2008.0,Nov,11.0,80.3845,39.5511
Arizona,4.0,"Cochise County, AZ",4003.0,2008.0,2008.0,Dec,12.0,67.1113,32.9229
Arizona,4.0,"Coconino County, AZ",4005.0,2003.0,2003.0,Jan,1.0,58.0825,25.7274
Arizona,4.0,"Coconino County, AZ",4005.0,2003.0,2003.0,Feb,2.0,59.5374,20.0462
Arizona,4.0,"Coconino County, AZ",4005.0,2003.0,2003.0,Mar,3.0,75.3484,28.4476
Arizona,4.0,"Coconino County, AZ",4005.0,2003.0,2003.0,Apr,4.0,85.459,33.0951
Arizona,4.0,"Coconino County, AZ",4005.0,2003.0,2003.0,May,5.0,103.0509,44.3062
Arizona,4.0,"Coconino County, AZ",4005.0,2003.0,2003.0,Jun,6.0,115.741,53.4845
Arizona,4.0,"Coconino County, AZ",4005.0,2003.0,2003.0,Jul,7.0,121.5668,60.192
Arizona,4.0,"Coconino County, AZ",4005.0,2003.0,2003.0,Aug,8.0,107.7355,59.4649
Arizona,4.0,"Coconino County, AZ",4005.0,2003.0,2003.0,Sep,9.0,101.0798,51.6648
Arizona,4.0,"Coconino County, AZ",4005.0,2003.0,2003.0,Oct,10.0,88.8775,44.5622
Arizona,4.0,"Coconino County, AZ",4005.0,2003.0,2003.0,Nov,11.0,57.7728,27.1177
Arizona,4.0,"Coconino County, AZ",4005.0,2003.0,2003.0,Dec,12.0,49.2234,20.3469
Arizona,4.0,"Coconino County, AZ",4005.0,2004.0,2004.0,Jan,1.0,50.9164,19.5674
Arizona,4.0,"Coconino County, AZ",4005.0,2004.0,2004.0,Feb,2.0,53.1138,17.5473
Arizona,4.0,"Coconino County, AZ",4005.0,2004.0,2004.0,Mar,3.0,85.1217,33.7384
Arizona,4.0,"Coconino County, AZ",4005.0,2004.0,2004.0,Apr,4.0,87.1815,36.8415
Arizona,4.0,"Coconino County, AZ",4005.0,2004.0,2004.0,May,5.0,103.6143,44.5073
Arizona,4.0,"Coconino County, AZ",4005.0,2004.0,2004.0,Jun,6.0,116.7243,52.9498
Arizona,4.0,"Coconino County, AZ",4005.0,2004.0,2004.0,Jul,7.0,115.8166,57.5958
Arizona,4.0,"Coconino County, AZ",4005.0,2004.0,2004.0,Aug,8.0,106.2308,56.2328
Arizona,4.0,"Coconino County, AZ",4005.0,2004.0,2004.0,Sep,9.0,99.4488,50.4444
Arizona,4.0,"Coconino County, AZ",4005.0,2004.0,2004.0,Oct,10.0,77.4938,40.0503
Arizona,4.0,"Coconino County, AZ",4005.0,2004.0,2004.0,Nov,11.0,54.9158,27.939
Arizona,4.0,"Coconino County, AZ",4005.0,2004.0,2004.0,Dec,12.0,49.4098,21.9919
Arizona,4.0,"Coconino County, AZ",4005.0,2005.0,2005.0,Jan,1.0,50.9087,24.9441
Arizona,4.0,"Coconino County, AZ",4005.0,2005.0,2005.0,Feb,2.0,54.0317,23.9579
Arizona,4.0,"Coconino County, AZ",4005.0,2005.0,2005.0,Mar,3.0,68.7057,28.455
Arizona,4.0,"Coconino County, AZ",4005.0,2005.0,2005.0,Apr,4.0,85.5426,33.7284
Arizona,4.0,"Coconino County, AZ",4005.0,2005.0,2005.0,May,5.0,100.0693,45.1854
Arizona,4.0,"Coconino County, AZ",4005.0,2005.0,2005.0,Jun,6.0,107.1958,50.9027
Arizona,4.0,"Coconino County, AZ",4005.0,2005.0,2005.0,Jul,7.0,120.1136,59.8419
Arizona,4.0,"Coconino County, AZ",4005.0,2005.0,2005.0,Aug,8.0,101.0555,56.9545
Arizona,4.0,"Coconino County, AZ",4005.0,2005.0,2005.0,Sep,9.0,98.5525,51.1879
Arizona,4.0,"Coconino County, AZ",4005.0,2005.0,2005.0,Oct,10.0,82.3745,41.796
Arizona,4.0,"Coconino County, AZ",4005.0,2005.0,2005.0,Nov,11.0,64.3964,28.7068
Arizona,4.0,"Coconino County, AZ",4005.0,2005.0,2005.0,Dec,12.0,54.4557,18.8511
Arizona,4.0,"Coconino County, AZ",4005.0,2006.0,2006.0,Jan,1.0,56.5098,19.8445
Arizona,4.0,"Coconino County, AZ",4005.0,2006.0,2006.0,Feb,2.0,66.2809,21.604
Arizona,4.0,"Coconino County, AZ",4005.0,2006.0,2006.0,Mar,3.0,67.0637,26.5008
Arizona,4.0,"Coconino County, AZ",4005.0,2006.0,2006.0,Apr,4.0,88.6458,36.1678
Arizona,4.0,"Coconino County, AZ",4005.0,2006.0,2006.0,May,5.0,107.3052,46.3051
Arizona,4.0,"Coconino County, AZ",4005.0,2006.0,2006.0,Jun,6.0,117.8702,55.0227
Arizona,4.0,"Coconino County, AZ",4005.0,2006.0,2006.0,Jul,7.0,114.2986,59.9725
Arizona,4.0,"Coconino County, AZ",4005.0,2006.0,2006.0,Aug,8.0,103.5562,57.7249
Arizona,4.0,"Coconino County, AZ",4005.0,2006.0,2006.0,Sep,9.0,93.6412,47.9703
Arizona,4.0,"Coconino County, AZ",4005.0,2006.0,2006.0,Oct,10.0,73.6826,37.2772
Arizona,4.0,"Coconino County, AZ",4005.0,2006.0,2006.0,Nov,11.0,66.6132,29.9833
Arizona,4.0,"Coconino County, AZ",4005.0,2006.0,2006.0,Dec,12.0,51.615,18.584
Arizona,4.0,"Coconino County, AZ",4005.0,2007.0,2007.0,Jan,1.0,46.513,17.1638
Arizona,4.0,"Coconino County, AZ",4005.0,2007.0,2007.0,Feb,2.0,59.4219,23.959
Arizona,4.0,"Coconino County, AZ",4005.0,2007.0,2007.0,Mar,3.0,80.6687,30.1774
Arizona,4.0,"Coconino County, AZ",4005.0,2007.0,2007.0,Apr,4.0,90.2197,36.1536
Arizona,4.0,"Coconino County, AZ",4005.0,2007.0,2007.0,May,5.0,104.7712,45.4506
Arizona,4.0,"Coconino County, AZ",4005.0,2007.0,2007.0,Jun,6.0,117.8913,53.1849
Arizona,4.0,"Coconino County, AZ",4005.0,2007.0,2007.0,Jul,7.0,118.4813,60.4375
Arizona,4.0,"Coconino County, AZ",4005.0,2007.0,2007.0,Aug,8.0,108.1623,60.2763
Arizona,4.0,"Coconino County, AZ",4005.0,2007.0,2007.0,Sep,9.0,98.7276,53.0475
Arizona,4.0,"Coconino County, AZ",4005.0,2007.0,2007.0,Oct,10.0,82.2081,40.015
Arizona,4.0,"Coconino County, AZ",4005.0,2007.0,2007.0,Nov,11.0,71.4524,31.7865
Arizona,4.0,"Coconino County, AZ",4005.0,2007.0,2007.0,Dec,12.0,43.9251,19.7632
Arizona,4.0,"Coconino County, AZ",4005.0,2008.0,2008.0,Jan,1.0,41.4,15.826
Arizona,4.0,"Coconino County, AZ",4005.0,2008.0,2008.0,Feb,2.0,53.1981,22.3514
Arizona,4.0,"Coconino County, AZ",4005.0,2008.0,2008.0,Mar,3.0,75.4163,28.3253
Arizona,4.0,"Coconino County, AZ",4005.0,2008.0,2008.0,Apr,4.0,90.3238,33.3123
Arizona,4.0,"Coconino County, AZ",4005.0,2008.0,2008.0,May,5.0,100.8498,40.6673
Arizona,4.0,"Coconino County, AZ",4005.0,2008.0,2008.0,Jun,6.0,115.536,52.534
Arizona,4.0,"Coconino County, AZ",4005.0,2008.0,2008.0,Jul,7.0,114.808,60.0568
Arizona,4.0,"Coconino County, AZ",4005.0,2008.0,2008.0,Aug,8.0,108.5516,59.013
Arizona,4.0,"Coconino County, AZ",4005.0,2008.0,2008.0,Sep,9.0,100.2904,51.6942
Arizona,4.0,"Coconino County, AZ",4005.0,2008.0,2008.0,Oct,10.0,85.137,39.3344
Arizona,4.0,"Coconino County, AZ",4005.0,2008.0,2008.0,Nov,11.0,68.3851,30.1084
Arizona,4.0,"Coconino County, AZ",4005.0,2008.0,2008.0,Dec,12.0,46.0577,20.4242
Arizona,4.0,"Gila County, AZ",4007.0,2003.0,2003.0,Jan,1.0,66.1018,36.1725
Arizona,4.0,"Gila County, AZ",4007.0,2003.0,2003.0,Feb,2.0,64.8351,33.7494
Arizona,4.0,"Gila County, AZ",4007.0,2003.0,2003.0,Mar,3.0,73.8457,38.8361
Arizona,4.0,"Gila County, AZ",4007.0,2003.0,2003.0,Apr,4.0,86.6929,42.3343
Arizona,4.0,"Gila County, AZ",4007.0,2003.0,2003.0,May,5.0,100.9056,53.3952
Arizona,4.0,"Gila County, AZ",4007.0,2003.0,2003.0,Jun,6.0,112.5688,62.3756
Arizona,4.0,"Gila County, AZ",4007.0,2003.0,2003.0,Jul,7.0,114.8174,68.1839
Arizona,4.0,"Gila County, AZ",4007.0,2003.0,2003.0,Aug,8.0,107.5263,65.8759
Arizona,4.0,"Gila County, AZ",4007.0,2003.0,2003.0,Sep,9.0,99.5878,61.3469
Arizona,4.0,"Gila County, AZ",4007.0,2003.0,2003.0,Oct,10.0,91.1361,54.999
Arizona,4.0,"Gila County, AZ",4007.0,2003.0,2003.0,Nov,11.0,65.2969,36.8943
Arizona,4.0,"Gila County, AZ",4007.0,2003.0,2003.0,Dec,12.0,57.3904,32.4827
Arizona,4.0,"Gila County, AZ",4007.0,2004.0,2004.0,Jan,1.0,57.9907,32.3345
Arizona,4.0,"Gila County, AZ",4007.0,2004.0,2004.0,Feb,2.0,60.7637,31.1964
Arizona,4.0,"Gila County, AZ",4007.0,2004.0,2004.0,Mar,3.0,82.5009,44.606
Arizona,4.0,"Gila County, AZ",4007.0,2004.0,2004.0,Apr,4.0,87.7356,45.6573
Arizona,4.0,"Gila County, AZ",4007.0,2004.0,2004.0,May,5.0,105.1068,54.3034
Arizona,4.0,"Gila County, AZ",4007.0,2004.0,2004.0,Jun,6.0,114.4015,61.4019
Arizona,4.0,"Gila County, AZ",4007.0,2004.0,2004.0,Jul,7.0,110.8661,64.2272
Arizona,4.0,"Gila County, AZ",4007.0,2004.0,2004.0,Aug,8.0,106.0561,63.1937
Arizona,4.0,"Gila County, AZ",4007.0,2004.0,2004.0,Sep,9.0,99.9091,59.3207
Arizona,4.0,"Gila County, AZ",4007.0,2004.0,2004.0,Oct,10.0,83.2162,49.3509
Arizona,4.0,"Gila County, AZ",4007.0,2004.0,2004.0,Nov,11.0,62.5471,36.6815
Arizona,4.0,"Gila County, AZ",4007.0,2004.0,2004.0,Dec,12.0,58.7902,32.7156
Arizona,4.0,"Gila County, AZ",4007.0,2005.0,2005.0,Jan,1.0,59.0704,34.6041
Arizona,4.0,"Gila County, AZ",4007.0,2005.0,2005.0,Feb,2.0,58.035,33.7325
Arizona,4.0,"Gila County, AZ",4007.0,2005.0,2005.0,Mar,3.0,71.1759,38.4547
Arizona,4.0,"Gila County, AZ",4007.0,2005.0,2005.0,Apr,4.0,86.8762,44.0779
Arizona,4.0,"Gila County, AZ",4007.0,2005.0,2005.0,May,5.0,99.8983,53.6845
Arizona,4.0,"Gila County, AZ",4007.0,2005.0,2005.0,Jun,6.0,109.5035,61.1904
Arizona,4.0,"Gila County, AZ",4007.0,2005.0,2005.0,Jul,7.0,115.5008,67.5585
Arizona,4.0,"Gila County, AZ",4007.0,2005.0,2005.0,Aug,8.0,100.7317,64.9442
Arizona,4.0,"Gila County, AZ",4007.0,2005.0,2005.0,Sep,9.0,98.6138,60.2803
Arizona,4.0,"Gila County, AZ",4007.0,2005.0,2005.0,Oct,10.0,85.8968,52.0096
Arizona,4.0,"Gila County, AZ",4007.0,2005.0,2005.0,Nov,11.0,72.2523,41.1938
Arizona,4.0,"Gila County, AZ",4007.0,2005.0,2005.0,Dec,12.0,62.691,33.3396
Arizona,4.0,"Gila County, AZ",4007.0,2006.0,2006.0,Jan,1.0,64.2431,32.7984
Arizona,4.0,"Gila County, AZ",4007.0,2006.0,2006.0,Feb,2.0,72.1471,35.1752
Arizona,4.0,"Gila County, AZ",4007.0,2006.0,2006.0,Mar,3.0,70.4879,36.8811
Arizona,4.0,"Gila County, AZ",4007.0,2006.0,2006.0,Apr,4.0,90.414,44.4896
Arizona,4.0,"Gila County, AZ",4007.0,2006.0,2006.0,May,5.0,106.4866,55.7892
Arizona,4.0,"Gila County, AZ",4007.0,2006.0,2006.0,Jun,6.0,115.2328,63.7017
Arizona,4.0,"Gila County, AZ",4007.0,2006.0,2006.0,Jul,7.0,111.6907,68.4964
Arizona,4.0,"Gila County, AZ",4007.0,2006.0,2006.0,Aug,8.0,97.0455,63.8831
Arizona,4.0,"Gila County, AZ",4007.0,2006.0,2006.0,Sep,9.0,91.9953,57.4217
Arizona,4.0,"Gila County, AZ",4007.0,2006.0,2006.0,Oct,10.0,79.9736,47.6638
Arizona,4.0,"Gila County, AZ",4007.0,2006.0,2006.0,Nov,11.0,73.7747,41.4102
Arizona,4.0,"Gila County, AZ",4007.0,2006.0,2006.0,Dec,12.0,59.4608,31.459
Arizona,4.0,"Gila County, AZ",4007.0,2007.0,2007.0,Jan,1.0,53.9079,29.913
Arizona,4.0,"Gila County, AZ",4007.0,2007.0,2007.0,Feb,2.0,64.0373,33.9178
Arizona,4.0,"Gila County, AZ",4007.0,2007.0,2007.0,Mar,3.0,81.8398,40.6071
Arizona,4.0,"Gila County, AZ",4007.0,2007.0,2007.0,Apr,4.0,90.0352,44.6313
Arizona,4.0,"Gila County, AZ",4007.0,2007.0,2007.0,May,5.0,102.9813,54.3606
Arizona,4.0,"Gila County, AZ",4007.0,2007.0,2007.0,Jun,6.0,114.3063,62.4362
Arizona,4.0,"Gila County, AZ",4007.0,2007.0,2007.0,Jul,7.0,112.376,66.5871
Arizona,4.0,"Gila County, AZ",4007.0,2007.0,2007.0,Aug,8.0,103.9157,67.4598
Arizona,4.0,"Gila County, AZ",4007.0,2007.0,2007.0,Sep,9.0,99.0196,60.5136
Arizona,4.0,"Gila County, AZ",4007.0,2007.0,2007.0,Oct,10.0,86.6911,50.8724
Arizona,4.0,"Gila County, AZ",4007.0,2007.0,2007.0,Nov,11.0,77.487,44.7326
Arizona,4.0,"Gila County, AZ",4007.0,2007.0,2007.0,Dec,12.0,53.7393,31.7217
Arizona,4.0,"Gila County, AZ",4007.0,2008.0,2008.0,Jan,1.0,53.43,28.9083
Arizona,4.0,"Gila County, AZ",4007.0,2008.0,2008.0,Feb,2.0,62.8872,33.6333
Arizona,4.0,"Gila County, AZ",4007.0,2008.0,2008.0,Mar,3.0,79.2333,38.1125
Arizona,4.0,"Gila County, AZ",4007.0,2008.0,2008.0,Apr,4.0,91.6019,44.0775
Arizona,4.0,"Gila County, AZ",4007.0,2008.0,2008.0,May,5.0,99.652,50.2549
Arizona,4.0,"Gila County, AZ",4007.0,2008.0,2008.0,Jun,6.0,112.1797,62.4422
Arizona,4.0,"Gila County, AZ",4007.0,2008.0,2008.0,Jul,7.0,104.9755,65.197
Arizona,4.0,"Gila County, AZ",4007.0,2008.0,2008.0,Aug,8.0,99.7545,64.8397
Arizona,4.0,"Gila County, AZ",4007.0,2008.0,2008.0,Sep,9.0,95.5958,60.9272
Arizona,4.0,"Gila County, AZ",4007.0,2008.0,2008.0,Oct,10.0,86.6357,50.658
Arizona,4.0,"Gila County, AZ",4007.0,2008.0,2008.0,Nov,11.0,72.835,42.1048
Arizona,4.0,"Gila County, AZ",4007.0,2008.0,2008.0,Dec,12.0,56.6132,33.9403
Arizona,4.0,"Graham County, AZ",4009.0,2003.0,2003.0,Jan,1.0,72.2923,33.8241
Arizona,4.0,"Graham County, AZ",4009.0,2003.0,2003.0,Feb,2.0,72.4449,33.3989
Arizona,4.0,"Graham County, AZ",4009.0,2003.0,2003.0,Mar,3.0,83.2193,37.5955
Arizona,4.0,"Graham County, AZ",4009.0,2003.0,2003.0,Apr,4.0,98.1686,42.6916
Arizona,4.0,"Graham County, AZ",4009.0,2003.0,2003.0,May,5.0,112.0689,53.2582
Arizona,4.0,"Graham County, AZ",4009.0,2003.0,2003.0,Jun,6.0,122.0225,62.4342
Arizona,4.0,"Graham County, AZ",4009.0,2003.0,2003.0,Jul,7.0,123.2165,67.9594
Arizona,4.0,"Graham County, AZ",4009.0,2003.0,2003.0,Aug,8.0,115.9372,66.3133
Arizona,4.0,"Graham County, AZ",4009.0,2003.0,2003.0,Sep,9.0,110.3719,62.2575
Arizona,4.0,"Graham County, AZ",4009.0,2003.0,2003.0,Oct,10.0,98.6815,54.3892
Arizona,4.0,"Graham County, AZ",4009.0,2003.0,2003.0,Nov,11.0,75.2535,37.0409
Arizona,4.0,"Graham County, AZ",4009.0,2003.0,2003.0,Dec,12.0,64.167,30.0024
Arizona,4.0,"Graham County, AZ",4009.0,2004.0,2004.0,Jan,1.0,62.6102,31.369
Arizona,4.0,"Graham County, AZ",4009.0,2004.0,2004.0,Feb,2.0,69.0152,29.801
Arizona,4.0,"Graham County, AZ",4009.0,2004.0,2004.0,Mar,3.0,88.3863,43.3015
Arizona,4.0,"Graham County, AZ",4009.0,2004.0,2004.0,Apr,4.0,94.8092,45.2332
Arizona,4.0,"Graham County, AZ",4009.0,2004.0,2004.0,May,5.0,113.2799,54.6684
Arizona,4.0,"Graham County, AZ",4009.0,2004.0,2004.0,Jun,6.0,122.9336,62.0295
Arizona,4.0,"Graham County, AZ",4009.0,2004.0,2004.0,Jul,7.0,119.194,64.5957
Arizona,4.0,"Graham County, AZ",4009.0,2004.0,2004.0,Aug,8.0,112.1369,63.7425
Arizona,4.0,"Graham County, AZ",4009.0,2004.0,2004.0,Sep,9.0,106.106,58.9897
Arizona,4.0,"Graham County, AZ",4009.0,2004.0,2004.0,Oct,10.0,90.5568,49.1103
Arizona,4.0,"Graham County, AZ",4009.0,2004.0,2004.0,Nov,11.0,67.8387,35.6548
Arizona,4.0,"Graham County, AZ",4009.0,2004.0,2004.0,Dec,12.0,62.8946,30.3585
Arizona,4.0,"Graham County, AZ",4009.0,2005.0,2005.0,Jan,1.0,63.0636,32.864
Arizona,4.0,"Graham County, AZ",4009.0,2005.0,2005.0,Feb,2.0,62.6655,34.5356
Arizona,4.0,"Graham County, AZ",4009.0,2005.0,2005.0,Mar,3.0,78.1846,37.8103
Arizona,4.0,"Graham County, AZ",4009.0,2005.0,2005.0,Apr,4.0,96.8244,44.4603
Arizona,4.0,"Graham County, AZ",4009.0,2005.0,2005.0,May,5.0,112.8568,54.0459
Arizona,4.0,"Graham County, AZ",4009.0,2005.0,2005.0,Jun,6.0,119.8966,62.8788
Arizona,4.0,"Graham County, AZ",4009.0,2005.0,2005.0,Jul,7.0,124.3593,68.5965
Arizona,4.0,"Graham County, AZ",4009.0,2005.0,2005.0,Aug,8.0,110.7472,65.3768
Arizona,4.0,"Graham County, AZ",4009.0,2005.0,2005.0,Sep,9.0,106.7983,61.193
Arizona,4.0,"Graham County, AZ",4009.0,2005.0,2005.0,Oct,10.0,93.654,51.8846
Arizona,4.0,"Graham County, AZ",4009.0,2005.0,2005.0,Nov,11.0,79.9719,39.636
Arizona,4.0,"Graham County, AZ",4009.0,2005.0,2005.0,Dec,12.0,69.7524,31.4181
Arizona,4.0,"Graham County, AZ",4009.0,2006.0,2006.0,Jan,1.0,70.9115,31.1253
Arizona,4.0,"Graham County, AZ",4009.0,2006.0,2006.0,Feb,2.0,81.4803,34.3418
Arizona,4.0,"Graham County, AZ",4009.0,2006.0,2006.0,Mar,3.0,84.0341,36.0543
Arizona,4.0,"Graham County, AZ",4009.0,2006.0,2006.0,Apr,4.0,103.678,45.3811
Arizona,4.0,"Graham County, AZ",4009.0,2006.0,2006.0,May,5.0,117.0999,56.0947
Arizona,4.0,"Graham County, AZ",4009.0,2006.0,2006.0,Jun,6.0,124.1744,64.6256
Arizona,4.0,"Graham County, AZ",4009.0,2006.0,2006.0,Jul,7.0,119.0035,68.1702
Arizona,4.0,"Graham County, AZ",4009.0,2006.0,2006.0,Aug,8.0,100.4226,63.46
Arizona,4.0,"Graham County, AZ",4009.0,2006.0,2006.0,Sep,9.0,97.7527,57.6573
Arizona,4.0,"Graham County, AZ",4009.0,2006.0,2006.0,Oct,10.0,86.0827,48.0744
Arizona,4.0,"Graham County, AZ",4009.0,2006.0,2006.0,Nov,11.0,80.7194,40.6346
Arizona,4.0,"Graham County, AZ",4009.0,2006.0,2006.0,Dec,12.0,64.3181,29.6528
Arizona,4.0,"Graham County, AZ",4009.0,2007.0,2007.0,Jan,1.0,57.7343,28.0527
Arizona,4.0,"Graham County, AZ",4009.0,2007.0,2007.0,Feb,2.0,71.3263,32.9617
Arizona,4.0,"Graham County, AZ",4009.0,2007.0,2007.0,Mar,3.0,88.8723,39.5824
Arizona,4.0,"Graham County, AZ",4009.0,2007.0,2007.0,Apr,4.0,96.2246,45.1182
Arizona,4.0,"Graham County, AZ",4009.0,2007.0,2007.0,May,5.0,110.8105,54.9712
Arizona,4.0,"Graham County, AZ",4009.0,2007.0,2007.0,Jun,6.0,120.5711,63.3322
Arizona,4.0,"Graham County, AZ",4009.0,2007.0,2007.0,Jul,7.0,116.6064,66.3393
Arizona,4.0,"Graham County, AZ",4009.0,2007.0,2007.0,Aug,8.0,107.3599,67.92
Arizona,4.0,"Graham County, AZ",4009.0,2007.0,2007.0,Sep,9.0,104.4308,61.389
Arizona,4.0,"Graham County, AZ",4009.0,2007.0,2007.0,Oct,10.0,92.7743,50.6707
Arizona,4.0,"Graham County, AZ",4009.0,2007.0,2007.0,Nov,11.0,82.4927,44.1883
Arizona,4.0,"Graham County, AZ",4009.0,2007.0,2007.0,Dec,12.0,59.2796,30.3569
Arizona,4.0,"Graham County, AZ",4009.0,2008.0,2008.0,Jan,1.0,60.4503,27.8122
Arizona,4.0,"Graham County, AZ",4009.0,2008.0,2008.0,Feb,2.0,72.1131,33.1737
Arizona,4.0,"Graham County, AZ",4009.0,2008.0,2008.0,Mar,3.0,88.975,37.419
Arizona,4.0,"Graham County, AZ",4009.0,2008.0,2008.0,Apr,4.0,101.0194,43.7104
Arizona,4.0,"Graham County, AZ",4009.0,2008.0,2008.0,May,5.0,110.6406,50.6409
Arizona,4.0,"Graham County, AZ",4009.0,2008.0,2008.0,Jun,6.0,121.8003,62.9151
Arizona,4.0,"Graham County, AZ",4009.0,2008.0,2008.0,Jul,7.0,110.6586,65.4471
Arizona,4.0,"Graham County, AZ",4009.0,2008.0,2008.0,Aug,8.0,106.2081,65.134
Arizona,4.0,"Graham County, AZ",4009.0,2008.0,2008.0,Sep,9.0,100.2958,60.6153
Arizona,4.0,"Graham County, AZ",4009.0,2008.0,2008.0,Oct,10.0,92.8303,49.9861
Arizona,4.0,"Graham County, AZ",4009.0,2008.0,2008.0,Nov,11.0,77.4001,40.3438
Arizona,4.0,"Graham County, AZ",4009.0,2008.0,2008.0,Dec,12.0,62.382,32.8118
Arizona,4.0,"Greenlee County, AZ",4011.0,2003.0,2003.0,Jan,1.0,66.1638,31.7193
Arizona,4.0,"Greenlee County, AZ",4011.0,2003.0,2003.0,Feb,2.0,65.4557,30.0395
Arizona,4.0,"Greenlee County, AZ",4011.0,2003.0,2003.0,Mar,3.0,75.9575,34.0991
Arizona,4.0,"Greenlee County, AZ",4011.0,2003.0,2003.0,Apr,4.0,90.6276,39.5284
Arizona,4.0,"Greenlee County, AZ",4011.0,2003.0,2003.0,May,5.0,104.4494,50.5468
Arizona,4.0,"Greenlee County, AZ",4011.0,2003.0,2003.0,Jun,6.0,113.7914,59.371
Arizona,4.0,"Greenlee County, AZ",4011.0,2003.0,2003.0,Jul,7.0,117.002,65.0964
Arizona,4.0,"Greenlee County, AZ",4011.0,2003.0,2003.0,Aug,8.0,108.0512,61.2243
Arizona,4.0,"Greenlee County, AZ",4011.0,2003.0,2003.0,Sep,9.0,101.67,58.5715
Arizona,4.0,"Greenlee County, AZ",4011.0,2003.0,2003.0,Oct,10.0,91.111,51.0504
Arizona,4.0,"Greenlee County, AZ",4011.0,2003.0,2003.0,Nov,11.0,68.5339,34.7887
Arizona,4.0,"Greenlee County, AZ",4011.0,2003.0,2003.0,Dec,12.0,59.277,27.4914
Arizona,4.0,"Greenlee County, AZ",4011.0,2004.0,2004.0,Jan,1.0,56.953,28.0255
Arizona,4.0,"Greenlee County, AZ",4011.0,2004.0,2004.0,Feb,2.0,61.3161,26.121
Arizona,4.0,"Greenlee County, AZ",4011.0,2004.0,2004.0,Mar,3.0,81.9915,39.6093
Arizona,4.0,"Greenlee County, AZ",4011.0,2004.0,2004.0,Apr,4.0,86.9617,41.2073
Arizona,4.0,"Greenlee County, AZ",4011.0,2004.0,2004.0,May,5.0,103.7711,51.5556
Arizona,4.0,"Greenlee County, AZ",4011.0,2004.0,2004.0,Jun,6.0,114.6191,58.7801
Arizona,4.0,"Greenlee County, AZ",4011.0,2004.0,2004.0,Jul,7.0,111.426,61.3415
Arizona,4.0,"Greenlee County, AZ",4011.0,2004.0,2004.0,Aug,8.0,101.6442,58.9558
Arizona,4.0,"Greenlee County, AZ",4011.0,2004.0,2004.0,Sep,9.0,97.0495,55.4684
Arizona,4.0,"Greenlee County, AZ",4011.0,2004.0,2004.0,Oct,10.0,80.9752,45.7725
Arizona,4.0,"Greenlee County, AZ",4011.0,2004.0,2004.0,Nov,11.0,62.0063,32.5621
Arizona,4.0,"Greenlee County, AZ",4011.0,2004.0,2004.0,Dec,12.0,57.431,27.4399
Arizona,4.0,"Greenlee County, AZ",4011.0,2005.0,2005.0,Jan,1.0,58.3029,28.9948
Arizona,4.0,"Greenlee County, AZ",4011.0,2005.0,2005.0,Feb,2.0,57.0793,28.4041
Arizona,4.0,"Greenlee County, AZ",4011.0,2005.0,2005.0,Mar,3.0,71.5641,34.766
Arizona,4.0,"Greenlee County, AZ",4011.0,2005.0,2005.0,Apr,4.0,89.9612,41.2329
Arizona,4.0,"Greenlee County, AZ",4011.0,2005.0,2005.0,May,5.0,104.5349,50.8163
Arizona,4.0,"Greenlee County, AZ",4011.0,2005.0,2005.0,Jun,6.0,111.3382,59.63
Arizona,4.0,"Greenlee County, AZ",4011.0,2005.0,2005.0,Jul,7.0,115.3732,64.2297
Arizona,4.0,"Greenlee County, AZ",4011.0,2005.0,2005.0,Aug,8.0,101.999,60.3279
Arizona,4.0,"Greenlee County, AZ",4011.0,2005.0,2005.0,Sep,9.0,97.502,57.9123
Arizona,4.0,"Greenlee County, AZ",4011.0,2005.0,2005.0,Oct,10.0,85.0431,48.0402
Arizona,4.0,"Greenlee County, AZ",4011.0,2005.0,2005.0,Nov,11.0,73.6091,37.2473
Arizona,4.0,"Greenlee County, AZ",4011.0,2005.0,2005.0,Dec,12.0,63.6857,29.7794
Arizona,4.0,"Greenlee County, AZ",4011.0,2006.0,2006.0,Jan,1.0,64.8991,28.1989
Arizona,4.0,"Greenlee County, AZ",4011.0,2006.0,2006.0,Feb,2.0,73.764,31.4364
Arizona,4.0,"Greenlee County, AZ",4011.0,2006.0,2006.0,Mar,3.0,76.8908,33.6848
Arizona,4.0,"Greenlee County, AZ",4011.0,2006.0,2006.0,Apr,4.0,94.466,42.9737
Arizona,4.0,"Greenlee County, AZ",4011.0,2006.0,2006.0,May,5.0,108.0242,53.7458
Arizona,4.0,"Greenlee County, AZ",4011.0,2006.0,2006.0,Jun,6.0,116.1445,61.0041
Arizona,4.0,"Greenlee County, AZ",4011.0,2006.0,2006.0,Jul,7.0,107.6171,62.9656
Arizona,4.0,"Greenlee County, AZ",4011.0,2006.0,2006.0,Aug,8.0,92.9682,58.6269
Arizona,4.0,"Greenlee County, AZ",4011.0,2006.0,2006.0,Sep,9.0,88.4563,53.7917
Arizona,4.0,"Greenlee County, AZ",4011.0,2006.0,2006.0,Oct,10.0,78.6479,44.9236
Arizona,4.0,"Greenlee County, AZ",4011.0,2006.0,2006.0,Nov,11.0,73.6453,37.9312
Arizona,4.0,"Greenlee County, AZ",4011.0,2006.0,2006.0,Dec,12.0,58.7849,27.3857
Arizona,4.0,"Greenlee County, AZ",4011.0,2007.0,2007.0,Jan,1.0,52.9747,24.8261
Arizona,4.0,"Greenlee County, AZ",4011.0,2007.0,2007.0,Feb,2.0,64.7505,30.0219
Arizona,4.0,"Greenlee County, AZ",4011.0,2007.0,2007.0,Mar,3.0,81.2919,36.1795
Arizona,4.0,"Greenlee County, AZ",4011.0,2007.0,2007.0,Apr,4.0,88.48,41.8372
Arizona,4.0,"Greenlee County, AZ",4011.0,2007.0,2007.0,May,5.0,100.4001,50.9105
Arizona,4.0,"Greenlee County, AZ",4011.0,2007.0,2007.0,Jun,6.0,111.4865,60.5282
Arizona,4.0,"Greenlee County, AZ",4011.0,2007.0,2007.0,Jul,7.0,106.6871,61.5846
Arizona,4.0,"Greenlee County, AZ",4011.0,2007.0,2007.0,Aug,8.0,100.7724,63.206
Arizona,4.0,"Greenlee County, AZ",4011.0,2007.0,2007.0,Sep,9.0,95.5162,57.0404
Arizona,4.0,"Greenlee County, AZ",4011.0,2007.0,2007.0,Oct,10.0,86.2354,47.6948
Arizona,4.0,"Greenlee County, AZ",4011.0,2007.0,2007.0,Nov,11.0,75.7767,41.3246
Arizona,4.0,"Greenlee County, AZ",4011.0,2007.0,2007.0,Dec,12.0,54.5125,26.6047
Arizona,4.0,"Greenlee County, AZ",4011.0,2008.0,2008.0,Jan,1.0,54.2602,22.993
Arizona,4.0,"Greenlee County, AZ",4011.0,2008.0,2008.0,Feb,2.0,66.2746,30.0022
Arizona,4.0,"Greenlee County, AZ",4011.0,2008.0,2008.0,Mar,3.0,81.8278,34.8791
Arizona,4.0,"Greenlee County, AZ",4011.0,2008.0,2008.0,Apr,4.0,93.1419,40.451
Arizona,4.0,"Greenlee County, AZ",4011.0,2008.0,2008.0,May,5.0,103.0054,48.0886
Arizona,4.0,"Greenlee County, AZ",4011.0,2008.0,2008.0,Jun,6.0,113.721,60.1516
Arizona,4.0,"Greenlee County, AZ",4011.0,2008.0,2008.0,Jul,7.0,102.8053,59.984
Arizona,4.0,"Greenlee County, AZ",4011.0,2008.0,2008.0,Aug,8.0,98.3303,60.391
Arizona,4.0,"Greenlee County, AZ",4011.0,2008.0,2008.0,Sep,9.0,91.9456,55.7282
Arizona,4.0,"Greenlee County, AZ",4011.0,2008.0,2008.0,Oct,10.0,85.6153,46.5935
Arizona,4.0,"Greenlee County, AZ",4011.0,2008.0,2008.0,Nov,11.0,71.6747,37.0487
Arizona,4.0,"Greenlee County, AZ",4011.0,2008.0,2008.0,Dec,12.0,57.5044,29.7038
Arizona,4.0,"La Paz County, AZ",4012.0,2003.0,2003.0,Jan,1.0,78.5042,41.9386
Arizona,4.0,"La Paz County, AZ",4012.0,2003.0,2003.0,Feb,2.0,77.8447,38.9495
Arizona,4.0,"La Paz County, AZ",4012.0,2003.0,2003.0,Mar,3.0,94.8404,45.819
Arizona,4.0,"La Paz County, AZ",4012.0,2003.0,2003.0,Apr,4.0,105.0373,49.9619
Arizona,4.0,"La Paz County, AZ",4012.0,2003.0,2003.0,May,5.0,121.0112,61.1249
Arizona,4.0,"La Paz County, AZ",4012.0,2003.0,2003.0,Jun,6.0,131.4881,70.2802
Arizona,4.0,"La Paz County, AZ",4012.0,2003.0,2003.0,Jul,7.0,132.9635,78.7897
Arizona,4.0,"La Paz County, AZ",4012.0,2003.0,2003.0,Aug,8.0,125.4911,77.9976
Arizona,4.0,"La Paz County, AZ",4012.0,2003.0,2003.0,Sep,9.0,121.6982,72.507
Arizona,4.0,"La Paz County, AZ",4012.0,2003.0,2003.0,Oct,10.0,110.9945,63.6981
Arizona,4.0,"La Paz County, AZ",4012.0,2003.0,2003.0,Nov,11.0,78.5941,41.1445
Arizona,4.0,"La Paz County, AZ",4012.0,2003.0,2003.0,Dec,12.0,70.968,35.7088
Arizona,4.0,"La Paz County, AZ",4012.0,2004.0,2004.0,Jan,1.0,73.568,36.8525
Arizona,4.0,"La Paz County, AZ",4012.0,2004.0,2004.0,Feb,2.0,78.1244,35.4537
Arizona,4.0,"La Paz County, AZ",4012.0,2004.0,2004.0,Mar,3.0,104.0618,53.012
Arizona,4.0,"La Paz County, AZ",4012.0,2004.0,2004.0,Apr,4.0,109.103,55.1366
Arizona,4.0,"La Paz County, AZ",4012.0,2004.0,2004.0,May,5.0,123.1429,62.0894
Arizona,4.0,"La Paz County, AZ",4012.0,2004.0,2004.0,Jun,6.0,130.9556,69.8896
Arizona,4.0,"La Paz County, AZ",4012.0,2004.0,2004.0,Jul,7.0,131.1409,76.4805
Arizona,4.0,"La Paz County, AZ",4012.0,2004.0,2004.0,Aug,8.0,127.1078,75.7888
Arizona,4.0,"La Paz County, AZ",4012.0,2004.0,2004.0,Sep,9.0,118.8265,68.2717
Arizona,4.0,"La Paz County, AZ",4012.0,2004.0,2004.0,Oct,10.0,100.8807,56.2904
Arizona,4.0,"La Paz County, AZ",4012.0,2004.0,2004.0,Nov,11.0,73.4815,43.2627
Arizona,4.0,"La Paz County, AZ",4012.0,2004.0,2004.0,Dec,12.0,67.6382,37.4926
Arizona,4.0,"La Paz County, AZ",4012.0,2005.0,2005.0,Jan,1.0,68.3769,40.0732
Arizona,4.0,"La Paz County, AZ",4012.0,2005.0,2005.0,Feb,2.0,71.4044,42.3111
Arizona,4.0,"La Paz County, AZ",4012.0,2005.0,2005.0,Mar,3.0,87.6736,46.3735
Arizona,4.0,"La Paz County, AZ",4012.0,2005.0,2005.0,Apr,4.0,104.9631,51.4459
Arizona,4.0,"La Paz County, AZ",4012.0,2005.0,2005.0,May,5.0,119.9389,63.1262
Arizona,4.0,"La Paz County, AZ",4012.0,2005.0,2005.0,Jun,6.0,128.2282,70.7326
Arizona,4.0,"La Paz County, AZ",4012.0,2005.0,2005.0,Jul,7.0,134.0028,78.9446
Arizona,4.0,"La Paz County, AZ",4012.0,2005.0,2005.0,Aug,8.0,121.814,76.8169
Arizona,4.0,"La Paz County, AZ",4012.0,2005.0,2005.0,Sep,9.0,119.7565,68.2642
Arizona,4.0,"La Paz County, AZ",4012.0,2005.0,2005.0,Oct,10.0,102.9442,59.6335
Arizona,4.0,"La Paz County, AZ",4012.0,2005.0,2005.0,Nov,11.0,86.1775,45.3658
Arizona,4.0,"La Paz County, AZ",4012.0,2005.0,2005.0,Dec,12.0,73.8404,36.5777
Arizona,4.0,"La Paz County, AZ",4012.0,2006.0,2006.0,Jan,1.0,76.5294,36.886
Arizona,4.0,"La Paz County, AZ",4012.0,2006.0,2006.0,Feb,2.0,86.4479,39.3995
Arizona,4.0,"La Paz County, AZ",4012.0,2006.0,2006.0,Mar,3.0,90.1801,41.5868
Arizona,4.0,"La Paz County, AZ",4012.0,2006.0,2006.0,Apr,4.0,110.4456,52.1139
Arizona,4.0,"La Paz County, AZ",4012.0,2006.0,2006.0,May,5.0,126.5364,63.742
Arizona,4.0,"La Paz County, AZ",4012.0,2006.0,2006.0,Jun,6.0,134.2413,73.9005
Arizona,4.0,"La Paz County, AZ",4012.0,2006.0,2006.0,Jul,7.0,132.016,80.006
Arizona,4.0,"La Paz County, AZ",4012.0,2006.0,2006.0,Aug,8.0,127.3521,77.0239
Arizona,4.0,"La Paz County, AZ",4012.0,2006.0,2006.0,Sep,9.0,114.7266,67.7396
Arizona,4.0,"La Paz County, AZ",4012.0,2006.0,2006.0,Oct,10.0,100.3713,54.9287
Arizona,4.0,"La Paz County, AZ",4012.0,2006.0,2006.0,Nov,11.0,88.6455,46.3903
Arizona,4.0,"La Paz County, AZ",4012.0,2006.0,2006.0,Dec,12.0,73.3704,34.1693
Arizona,4.0,"La Paz County, AZ",4012.0,2007.0,2007.0,Jan,1.0,71.5385,32.539
Arizona,4.0,"La Paz County, AZ",4012.0,2007.0,2007.0,Feb,2.0,84.8538,40.0728
Arizona,4.0,"La Paz County, AZ",4012.0,2007.0,2007.0,Mar,3.0,102.6003,47.8621
Arizona,4.0,"La Paz County, AZ",4012.0,2007.0,2007.0,Apr,4.0,109.3694,53.1754
Arizona,4.0,"La Paz County, AZ",4012.0,2007.0,2007.0,May,5.0,122.7636,61.8979
Arizona,4.0,"La Paz County, AZ",4012.0,2007.0,2007.0,Jun,6.0,132.073,70.214
Arizona,4.0,"La Paz County, AZ",4012.0,2007.0,2007.0,Jul,7.0,130.5022,78.1929
Arizona,4.0,"La Paz County, AZ",4012.0,2007.0,2007.0,Aug,8.0,126.9099,78.4264
Arizona,4.0,"La Paz County, AZ",4012.0,2007.0,2007.0,Sep,9.0,119.182,69.5039
Arizona,4.0,"La Paz County, AZ",4012.0,2007.0,2007.0,Oct,10.0,103.211,56.3762
Arizona,4.0,"La Paz County, AZ",4012.0,2007.0,2007.0,Nov,11.0,91.5097,48.8741
Arizona,4.0,"La Paz County, AZ",4012.0,2007.0,2007.0,Dec,12.0,66.5085,34.2196
Arizona,4.0,"La Paz County, AZ",4012.0,2008.0,2008.0,Jan,1.0,68.5312,34.2333
Arizona,4.0,"La Paz County, AZ",4012.0,2008.0,2008.0,Feb,2.0,79.9734,38.3038
Arizona,4.0,"La Paz County, AZ",4012.0,2008.0,2008.0,Mar,3.0,99.313,45.5369
Arizona,4.0,"La Paz County, AZ",4012.0,2008.0,2008.0,Apr,4.0,110.8893,52.1497
Arizona,4.0,"La Paz County, AZ",4012.0,2008.0,2008.0,May,5.0,118.7181,59.3958
Arizona,4.0,"La Paz County, AZ",4012.0,2008.0,2008.0,Jun,6.0,133.2676,71.5394
Arizona,4.0,"La Paz County, AZ",4012.0,2008.0,2008.0,Jul,7.0,129.9561,78.6237
Arizona,4.0,"La Paz County, AZ",4012.0,2008.0,2008.0,Aug,8.0,125.9492,77.9948
Arizona,4.0,"La Paz County, AZ",4012.0,2008.0,2008.0,Sep,9.0,119.0761,71.633
Arizona,4.0,"La Paz County, AZ",4012.0,2008.0,2008.0,Oct,10.0,106.5779,57.4954
Arizona,4.0,"La Paz County, AZ",4012.0,2008.0,2008.0,Nov,11.0,88.8504,47.3927
Arizona,4.0,"La Paz County, AZ",4012.0,2008.0,2008.0,Dec,12.0,67.2428,37.0629
Arizona,4.0,"Maricopa County, AZ",4013.0,2003.0,2003.0,Jan,1.0,79.8819,41.5851
Arizona,4.0,"Maricopa County, AZ",4013.0,2003.0,2003.0,Feb,2.0,78.8482,38.9577
Arizona,4.0,"Maricopa County, AZ",4013.0,2003.0,2003.0,Mar,3.0,91.186,46.0186
Arizona,4.0,"Maricopa County, AZ",4013.0,2003.0,2003.0,Apr,4.0,104.4387,50.0521
Arizona,4.0,"Maricopa County, AZ",4013.0,2003.0,2003.0,May,5.0,119.0781,60.7542
Arizona,4.0,"Maricopa County, AZ",4013.0,2003.0,2003.0,Jun,6.0,130.6055,69.9593
Arizona,4.0,"Maricopa County, AZ",4013.0,2003.0,2003.0,Jul,7.0,130.4866,77.9106
Arizona,4.0,"Maricopa County, AZ",4013.0,2003.0,2003.0,Aug,8.0,122.7342,77.0926
Arizona,4.0,"Maricopa County, AZ",4013.0,2003.0,2003.0,Sep,9.0,119.5449,72.2389
Arizona,4.0,"Maricopa County, AZ",4013.0,2003.0,2003.0,Oct,10.0,109.1576,63.282
Arizona,4.0,"Maricopa County, AZ",4013.0,2003.0,2003.0,Nov,11.0,80.3465,41.6256
Arizona,4.0,"Maricopa County, AZ",4013.0,2003.0,2003.0,Dec,12.0,72.1537,35.2418
Arizona,4.0,"Maricopa County, AZ",4013.0,2004.0,2004.0,Jan,1.0,74.2447,36.9866
Arizona,4.0,"Maricopa County, AZ",4013.0,2004.0,2004.0,Feb,2.0,78.8454,35.78
Arizona,4.0,"Maricopa County, AZ",4013.0,2004.0,2004.0,Mar,3.0,103.3234,52.5862
Arizona,4.0,"Maricopa County, AZ",4013.0,2004.0,2004.0,Apr,4.0,107.6053,54.3951
Arizona,4.0,"Maricopa County, AZ",4013.0,2004.0,2004.0,May,5.0,122.8159,62.034
Arizona,4.0,"Maricopa County, AZ",4013.0,2004.0,2004.0,Jun,6.0,130.5484,69.0659
Arizona,4.0,"Maricopa County, AZ",4013.0,2004.0,2004.0,Jul,7.0,129.5667,74.2601
Arizona,4.0,"Maricopa County, AZ",4013.0,2004.0,2004.0,Aug,8.0,125.2252,74.7346
Arizona,4.0,"Maricopa County, AZ",4013.0,2004.0,2004.0,Sep,9.0,119.3481,69.1508
Arizona,4.0,"Maricopa County, AZ",4013.0,2004.0,2004.0,Oct,10.0,101.0828,56.6779
Arizona,4.0,"Maricopa County, AZ",4013.0,2004.0,2004.0,Nov,11.0,75.2473,43.0067
Arizona,4.0,"Maricopa County, AZ",4013.0,2004.0,2004.0,Dec,12.0,69.0577,37.5791
Arizona,4.0,"Maricopa County, AZ",4013.0,2005.0,2005.0,Jan,1.0,69.2241,40.1799
Arizona,4.0,"Maricopa County, AZ",4013.0,2005.0,2005.0,Feb,2.0,70.8659,41.7368
Arizona,4.0,"Maricopa County, AZ",4013.0,2005.0,2005.0,Mar,3.0,85.3591,45.8538
Arizona,4.0,"Maricopa County, AZ",4013.0,2005.0,2005.0,Apr,4.0,103.8679,51.5361
Arizona,4.0,"Maricopa County, AZ",4013.0,2005.0,2005.0,May,5.0,118.4935,62.3552
Arizona,4.0,"Maricopa County, AZ",4013.0,2005.0,2005.0,Jun,6.0,127.957,70.2351
Arizona,4.0,"Maricopa County, AZ",4013.0,2005.0,2005.0,Jul,7.0,132.0853,77.8469
Arizona,4.0,"Maricopa County, AZ",4013.0,2005.0,2005.0,Aug,8.0,122.3368,76.2894
Arizona,4.0,"Maricopa County, AZ",4013.0,2005.0,2005.0,Sep,9.0,119.8522,69.712
Arizona,4.0,"Maricopa County, AZ",4013.0,2005.0,2005.0,Oct,10.0,104.203,60.3871
Arizona,4.0,"Maricopa County, AZ",4013.0,2005.0,2005.0,Nov,11.0,86.9482,46.12
Arizona,4.0,"Maricopa County, AZ",4013.0,2005.0,2005.0,Dec,12.0,76.8285,36.2137
Arizona,4.0,"Maricopa County, AZ",4013.0,2006.0,2006.0,Jan,1.0,78.5392,36.9501
Arizona,4.0,"Maricopa County, AZ",4013.0,2006.0,2006.0,Feb,2.0,87.9567,39.6884
Arizona,4.0,"Maricopa County, AZ",4013.0,2006.0,2006.0,Mar,3.0,89.9749,42.1219
Arizona,4.0,"Maricopa County, AZ",4013.0,2006.0,2006.0,Apr,4.0,108.7915,51.9349
Arizona,4.0,"Maricopa County, AZ",4013.0,2006.0,2006.0,May,5.0,125.4106,63.2627
Arizona,4.0,"Maricopa County, AZ",4013.0,2006.0,2006.0,Jun,6.0,133.535,72.9208
Arizona,4.0,"Maricopa County, AZ",4013.0,2006.0,2006.0,Jul,7.0,131.6531,79.5638
Arizona,4.0,"Maricopa County, AZ",4013.0,2006.0,2006.0,Aug,8.0,123.3193,75.8827
Arizona,4.0,"Maricopa County, AZ",4013.0,2006.0,2006.0,Sep,9.0,112.8913,67.5991
Arizona,4.0,"Maricopa County, AZ",4013.0,2006.0,2006.0,Oct,10.0,101.6025,55.4973
Arizona,4.0,"Maricopa County, AZ",4013.0,2006.0,2006.0,Nov,11.0,90.1562,46.9178
Arizona,4.0,"Maricopa County, AZ",4013.0,2006.0,2006.0,Dec,12.0,74.8478,35.0276
Arizona,4.0,"Maricopa County, AZ",4013.0,2007.0,2007.0,Jan,1.0,72.2189,33.3605
Arizona,4.0,"Maricopa County, AZ",4013.0,2007.0,2007.0,Feb,2.0,82.8146,40.029
Arizona,4.0,"Maricopa County, AZ",4013.0,2007.0,2007.0,Mar,3.0,100.6384,48.2387
Arizona,4.0,"Maricopa County, AZ",4013.0,2007.0,2007.0,Apr,4.0,108.3995,52.8672
Arizona,4.0,"Maricopa County, AZ",4013.0,2007.0,2007.0,May,5.0,122.9192,62.3618
Arizona,4.0,"Maricopa County, AZ",4013.0,2007.0,2007.0,Jun,6.0,131.5349,70.0614
Arizona,4.0,"Maricopa County, AZ",4013.0,2007.0,2007.0,Jul,7.0,130.3637,77.6787
Arizona,4.0,"Maricopa County, AZ",4013.0,2007.0,2007.0,Aug,8.0,125.1701,78.2047
Arizona,4.0,"Maricopa County, AZ",4013.0,2007.0,2007.0,Sep,9.0,118.1215,70.4429
Arizona,4.0,"Maricopa County, AZ",4013.0,2007.0,2007.0,Oct,10.0,103.256,57.1816
Arizona,4.0,"Maricopa County, AZ",4013.0,2007.0,2007.0,Nov,11.0,93.2107,49.7901
Arizona,4.0,"Maricopa County, AZ",4013.0,2007.0,2007.0,Dec,12.0,65.9894,34.6214
Arizona,4.0,"Maricopa County, AZ",4013.0,2008.0,2008.0,Jan,1.0,67.8335,34.1371
Arizona,4.0,"Maricopa County, AZ",4013.0,2008.0,2008.0,Feb,2.0,78.8363,38.3816
Arizona,4.0,"Maricopa County, AZ",4013.0,2008.0,2008.0,Mar,3.0,98.4641,45.7231
Arizona,4.0,"Maricopa County, AZ",4013.0,2008.0,2008.0,Apr,4.0,110.5437,52.5432
Arizona,4.0,"Maricopa County, AZ",4013.0,2008.0,2008.0,May,5.0,118.9077,59.39
Arizona,4.0,"Maricopa County, AZ",4013.0,2008.0,2008.0,Jun,6.0,131.657,71.6878
Arizona,4.0,"Maricopa County, AZ",4013.0,2008.0,2008.0,Jul,7.0,128.3194,77.704
Arizona,4.0,"Maricopa County, AZ",4013.0,2008.0,2008.0,Aug,8.0,123.9194,77.2392
Arizona,4.0,"Maricopa County, AZ",4013.0,2008.0,2008.0,Sep,9.0,117.4423,72.3011
Arizona,4.0,"Maricopa County, AZ",4013.0,2008.0,2008.0,Oct,10.0,106.0249,58.5525
Arizona,4.0,"Maricopa County, AZ",4013.0,2008.0,2008.0,Nov,11.0,88.9576,48.0272
Arizona,4.0,"Maricopa County, AZ",4013.0,2008.0,2008.0,Dec,12.0,68.7069,38.0277
Arizona,4.0,"Mohave County, AZ",4015.0,2003.0,2003.0,Jan,1.0,67.8523,35.5868
Arizona,4.0,"Mohave County, AZ",4015.0,2003.0,2003.0,Feb,2.0,67.7967,30.8321
Arizona,4.0,"Mohave County, AZ",4015.0,2003.0,2003.0,Mar,3.0,80.4504,38.5628
Arizona,4.0,"Mohave County, AZ",4015.0,2003.0,2003.0,Apr,4.0,91.0155,43.3493
Arizona,4.0,"Mohave County, AZ",4015.0,2003.0,2003.0,May,5.0,109.9559,53.9622
Arizona,4.0,"Mohave County, AZ",4015.0,2003.0,2003.0,Jun,6.0,122.5642,64.6936
Arizona,4.0,"Mohave County, AZ",4015.0,2003.0,2003.0,Jul,7.0,126.4044,70.4217
Arizona,4.0,"Mohave County, AZ",4015.0,2003.0,2003.0,Aug,8.0,115.1588,69.1656
Arizona,4.0,"Mohave County, AZ",4015.0,2003.0,2003.0,Sep,9.0,110.6352,62.8938
Arizona,4.0,"Mohave County, AZ",4015.0,2003.0,2003.0,Oct,10.0,98.5386,55.6955
Arizona,4.0,"Mohave County, AZ",4015.0,2003.0,2003.0,Nov,11.0,65.8645,35.6245
Arizona,4.0,"Mohave County, AZ",4015.0,2003.0,2003.0,Dec,12.0,57.9252,31.0958
Arizona,4.0,"Mohave County, AZ",4015.0,2004.0,2004.0,Jan,1.0,61.8291,29.8352
Arizona,4.0,"Mohave County, AZ",4015.0,2004.0,2004.0,Feb,2.0,63.8103,28.3048
Arizona,4.0,"Mohave County, AZ",4015.0,2004.0,2004.0,Mar,3.0,91.743,44.9293
Arizona,4.0,"Mohave County, AZ",4015.0,2004.0,2004.0,Apr,4.0,95.6813,47.5985
Arizona,4.0,"Mohave County, AZ",4015.0,2004.0,2004.0,May,5.0,111.8043,55.1921
Arizona,4.0,"Mohave County, AZ",4015.0,2004.0,2004.0,Jun,6.0,122.6659,64.155
Arizona,4.0,"Mohave County, AZ",4015.0,2004.0,2004.0,Jul,7.0,123.6852,68.6072
Arizona,4.0,"Mohave County, AZ",4015.0,2004.0,2004.0,Aug,8.0,117.8372,67.2991
Arizona,4.0,"Mohave County, AZ",4015.0,2004.0,2004.0,Sep,9.0,109.3783,60.4755
Arizona,4.0,"Mohave County, AZ",4015.0,2004.0,2004.0,Oct,10.0,89.1162,50.1454
Arizona,4.0,"Mohave County, AZ",4015.0,2004.0,2004.0,Nov,11.0,62.132,36.8867
Arizona,4.0,"Mohave County, AZ",4015.0,2004.0,2004.0,Dec,12.0,58.4672,31.8049
Arizona,4.0,"Mohave County, AZ",4015.0,2005.0,2005.0,Jan,1.0,59.0891,35.1069
Arizona,4.0,"Mohave County, AZ",4015.0,2005.0,2005.0,Feb,2.0,60.5297,34.6242
Arizona,4.0,"Mohave County, AZ",4015.0,2005.0,2005.0,Mar,3.0,75.6329,38.7571
Arizona,4.0,"Mohave County, AZ",4015.0,2005.0,2005.0,Apr,4.0,91.0793,43.8775
Arizona,4.0,"Mohave County, AZ",4015.0,2005.0,2005.0,May,5.0,107.7049,56.1538
Arizona,4.0,"Mohave County, AZ",4015.0,2005.0,2005.0,Jun,6.0,116.3421,62.6767
Arizona,4.0,"Mohave County, AZ",4015.0,2005.0,2005.0,Jul,7.0,126.5348,70.3701
Arizona,4.0,"Mohave County, AZ",4015.0,2005.0,2005.0,Aug,8.0,111.7201,67.6345
Arizona,4.0,"Mohave County, AZ",4015.0,2005.0,2005.0,Sep,9.0,108.3229,60.6538
Arizona,4.0,"Mohave County, AZ",4015.0,2005.0,2005.0,Oct,10.0,90.3269,52.3171
Arizona,4.0,"Mohave County, AZ",4015.0,2005.0,2005.0,Nov,11.0,71.8316,38.4235
Arizona,4.0,"Mohave County, AZ",4015.0,2005.0,2005.0,Dec,12.0,61.249,29.7837
Arizona,4.0,"Mohave County, AZ",4015.0,2006.0,2006.0,Jan,1.0,63.9474,31.1615
Arizona,4.0,"Mohave County, AZ",4015.0,2006.0,2006.0,Feb,2.0,74.8605,33.2113
Arizona,4.0,"Mohave County, AZ",4015.0,2006.0,2006.0,Mar,3.0,74.1859,35.8215
Arizona,4.0,"Mohave County, AZ",4015.0,2006.0,2006.0,Apr,4.0,95.384,45.839
Arizona,4.0,"Mohave County, AZ",4015.0,2006.0,2006.0,May,5.0,114.7893,56.9622
Arizona,4.0,"Mohave County, AZ",4015.0,2006.0,2006.0,Jun,6.0,124.3468,65.4704
Arizona,4.0,"Mohave County, AZ",4015.0,2006.0,2006.0,Jul,7.0,120.9051,70.6689
Arizona,4.0,"Mohave County, AZ",4015.0,2006.0,2006.0,Aug,8.0,117.3215,68.5463
Arizona,4.0,"Mohave County, AZ",4015.0,2006.0,2006.0,Sep,9.0,104.8641,59.0555
Arizona,4.0,"Mohave County, AZ",4015.0,2006.0,2006.0,Oct,10.0,85.7435,47.0642
Arizona,4.0,"Mohave County, AZ",4015.0,2006.0,2006.0,Nov,11.0,75.183,39.8137
Arizona,4.0,"Mohave County, AZ",4015.0,2006.0,2006.0,Dec,12.0,60.7187,28.6122
Arizona,4.0,"Mohave County, AZ",4015.0,2007.0,2007.0,Jan,1.0,58.5837,26.471
Arizona,4.0,"Mohave County, AZ",4015.0,2007.0,2007.0,Feb,2.0,70.2212,33.4021
Arizona,4.0,"Mohave County, AZ",4015.0,2007.0,2007.0,Mar,3.0,91.057,41.2656
Arizona,4.0,"Mohave County, AZ",4015.0,2007.0,2007.0,Apr,4.0,100.1832,47.2492
Arizona,4.0,"Mohave County, AZ",4015.0,2007.0,2007.0,May,5.0,113.7857,56.1047
Arizona,4.0,"Mohave County, AZ",4015.0,2007.0,2007.0,Jun,6.0,124.0712,63.3368
Arizona,4.0,"Mohave County, AZ",4015.0,2007.0,2007.0,Jul,7.0,124.4839,71.0242
Arizona,4.0,"Mohave County, AZ",4015.0,2007.0,2007.0,Aug,8.0,116.9909,69.4466
Arizona,4.0,"Mohave County, AZ",4015.0,2007.0,2007.0,Sep,9.0,107.0726,61.3484
Arizona,4.0,"Mohave County, AZ",4015.0,2007.0,2007.0,Oct,10.0,90.9262,49.3143
Arizona,4.0,"Mohave County, AZ",4015.0,2007.0,2007.0,Nov,11.0,78.7706,41.8123
Arizona,4.0,"Mohave County, AZ",4015.0,2007.0,2007.0,Dec,12.0,52.9308,29.0811
Arizona,4.0,"Mohave County, AZ",4015.0,2008.0,2008.0,Jan,1.0,54.1248,28.2295
Arizona,4.0,"Mohave County, AZ",4015.0,2008.0,2008.0,Feb,2.0,63.9416,31.7272
Arizona,4.0,"Mohave County, AZ",4015.0,2008.0,2008.0,Mar,3.0,83.4243,38.2072
Arizona,4.0,"Mohave County, AZ",4015.0,2008.0,2008.0,Apr,4.0,98.1854,44.1451
Arizona,4.0,"Mohave County, AZ",4015.0,2008.0,2008.0,May,5.0,108.0272,51.8327
Arizona,4.0,"Mohave County, AZ",4015.0,2008.0,2008.0,Jun,6.0,123.9635,62.6909
Arizona,4.0,"Mohave County, AZ",4015.0,2008.0,2008.0,Jul,7.0,124.2784,70.6256
Arizona,4.0,"Mohave County, AZ",4015.0,2008.0,2008.0,Aug,8.0,118.6527,69.2799
Arizona,4.0,"Mohave County, AZ",4015.0,2008.0,2008.0,Sep,9.0,110.2714,62.1328
Arizona,4.0,"Mohave County, AZ",4015.0,2008.0,2008.0,Oct,10.0,94.4956,50.4717
Arizona,4.0,"Mohave County, AZ",4015.0,2008.0,2008.0,Nov,11.0,76.9145,41.0315
Arizona,4.0,"Mohave County, AZ",4015.0,2008.0,2008.0,Dec,12.0,54.6666,30.2706
Arizona,4.0,"Navajo County, AZ",4017.0,2003.0,2003.0,Jan,1.0,60.1828,23.9307
Arizona,4.0,"Navajo County, AZ",4017.0,2003.0,2003.0,Feb,2.0,62.1244,19.6031
Arizona,4.0,"Navajo County, AZ",4017.0,2003.0,2003.0,Mar,3.0,79.191,27.3327
Arizona,4.0,"Navajo County, AZ",4017.0,2003.0,2003.0,Apr,4.0,90.7926,31.9038
Arizona,4.0,"Navajo County, AZ",4017.0,2003.0,2003.0,May,5.0,106.9214,43.5423
Arizona,4.0,"Navajo County, AZ",4017.0,2003.0,2003.0,Jun,6.0,118.6732,51.7798
Arizona,4.0,"Navajo County, AZ",4017.0,2003.0,2003.0,Jul,7.0,125.2811,59.7375
Arizona,4.0,"Navajo County, AZ",4017.0,2003.0,2003.0,Aug,8.0,111.1362,58.3334
Arizona,4.0,"Navajo County, AZ",4017.0,2003.0,2003.0,Sep,9.0,103.2256,50.2302
Arizona,4.0,"Navajo County, AZ",4017.0,2003.0,2003.0,Oct,10.0,90.2055,42.9004
Arizona,4.0,"Navajo County, AZ",4017.0,2003.0,2003.0,Nov,11.0,61.2047,25.5786
Arizona,4.0,"Navajo County, AZ",4017.0,2003.0,2003.0,Dec,12.0,52.457,18.8193
Arizona,4.0,"Navajo County, AZ",4017.0,2004.0,2004.0,Jan,1.0,53.3683,18.2368
Arizona,4.0,"Navajo County, AZ",4017.0,2004.0,2004.0,Feb,2.0,57.4432,16.7959
Arizona,4.0,"Navajo County, AZ",4017.0,2004.0,2004.0,Mar,3.0,88.7404,32.8111
Arizona,4.0,"Navajo County, AZ",4017.0,2004.0,2004.0,Apr,4.0,88.9497,35.7987
Arizona,4.0,"Navajo County, AZ",4017.0,2004.0,2004.0,May,5.0,107.0763,42.8362
Arizona,4.0,"Navajo County, AZ",4017.0,2004.0,2004.0,Jun,6.0,119.5051,51.0695
Arizona,4.0,"Navajo County, AZ",4017.0,2004.0,2004.0,Jul,7.0,118.0528,56.1339
Arizona,4.0,"Navajo County, AZ",4017.0,2004.0,2004.0,Aug,8.0,110.8014,55.0278
Arizona,4.0,"Navajo County, AZ",4017.0,2004.0,2004.0,Sep,9.0,102.8205,49.356
Arizona,4.0,"Navajo County, AZ",4017.0,2004.0,2004.0,Oct,10.0,79.5525,39.4186
Arizona,4.0,"Navajo County, AZ",4017.0,2004.0,2004.0,Nov,11.0,58.4613,26.8012
Arizona,4.0,"Navajo County, AZ",4017.0,2004.0,2004.0,Dec,12.0,51.6422,20.5413
Arizona,4.0,"Navajo County, AZ",4017.0,2005.0,2005.0,Jan,1.0,54.8329,24.7842
Arizona,4.0,"Navajo County, AZ",4017.0,2005.0,2005.0,Feb,2.0,56.3921,24.1425
Arizona,4.0,"Navajo County, AZ",4017.0,2005.0,2005.0,Mar,3.0,72.1403,27.805
Arizona,4.0,"Navajo County, AZ",4017.0,2005.0,2005.0,Apr,4.0,91.0776,32.9896
Arizona,4.0,"Navajo County, AZ",4017.0,2005.0,2005.0,May,5.0,103.4194,43.8804
Arizona,4.0,"Navajo County, AZ",4017.0,2005.0,2005.0,Jun,6.0,112.0686,49.6483
Arizona,4.0,"Navajo County, AZ",4017.0,2005.0,2005.0,Jul,7.0,123.9505,58.9356
Arizona,4.0,"Navajo County, AZ",4017.0,2005.0,2005.0,Aug,8.0,105.2872,56.3348
Arizona,4.0,"Navajo County, AZ",4017.0,2005.0,2005.0,Sep,9.0,101.2144,50.0871
Arizona,4.0,"Navajo County, AZ",4017.0,2005.0,2005.0,Oct,10.0,85.2641,40.9068
Arizona,4.0,"Navajo County, AZ",4017.0,2005.0,2005.0,Nov,11.0,68.3158,26.6584
Arizona,4.0,"Navajo County, AZ",4017.0,2005.0,2005.0,Dec,12.0,57.7057,16.2525
Arizona,4.0,"Navajo County, AZ",4017.0,2006.0,2006.0,Jan,1.0,59.4595,17.9395
Arizona,4.0,"Navajo County, AZ",4017.0,2006.0,2006.0,Feb,2.0,70.3541,19.6947
Arizona,4.0,"Navajo County, AZ",4017.0,2006.0,2006.0,Mar,3.0,71.2976,26.6828
Arizona,4.0,"Navajo County, AZ",4017.0,2006.0,2006.0,Apr,4.0,95.0323,35.1895
Arizona,4.0,"Navajo County, AZ",4017.0,2006.0,2006.0,May,5.0,112.313,45.4919
Arizona,4.0,"Navajo County, AZ",4017.0,2006.0,2006.0,Jun,6.0,122.1149,53.8898
Arizona,4.0,"Navajo County, AZ",4017.0,2006.0,2006.0,Jul,7.0,118.0046,59.9754
Arizona,4.0,"Navajo County, AZ",4017.0,2006.0,2006.0,Aug,8.0,102.6609,56.7175
Arizona,4.0,"Navajo County, AZ",4017.0,2006.0,2006.0,Sep,9.0,95.2742,46.9408
Arizona,4.0,"Navajo County, AZ",4017.0,2006.0,2006.0,Oct,10.0,75.7595,37.0708
Arizona,4.0,"Navajo County, AZ",4017.0,2006.0,2006.0,Nov,11.0,69.9597,28.7429
Arizona,4.0,"Navajo County, AZ",4017.0,2006.0,2006.0,Dec,12.0,52.2669,16.6959
Arizona,4.0,"Navajo County, AZ",4017.0,2007.0,2007.0,Jan,1.0,46.7003,16.2301
Arizona,4.0,"Navajo County, AZ",4017.0,2007.0,2007.0,Feb,2.0,58.9545,23.7131
Arizona,4.0,"Navajo County, AZ",4017.0,2007.0,2007.0,Mar,3.0,84.303,28.1381
Arizona,4.0,"Navajo County, AZ",4017.0,2007.0,2007.0,Apr,4.0,92.4371,35.0923
Arizona,4.0,"Navajo County, AZ",4017.0,2007.0,2007.0,May,5.0,106.4562,44.1885
Arizona,4.0,"Navajo County, AZ",4017.0,2007.0,2007.0,Jun,6.0,120.228,52.1125
Arizona,4.0,"Navajo County, AZ",4017.0,2007.0,2007.0,Jul,7.0,119.9279,59.3294
Arizona,4.0,"Navajo County, AZ",4017.0,2007.0,2007.0,Aug,8.0,108.7507,60.365
Arizona,4.0,"Navajo County, AZ",4017.0,2007.0,2007.0,Sep,9.0,101.5083,52.2345
Arizona,4.0,"Navajo County, AZ",4017.0,2007.0,2007.0,Oct,10.0,85.8715,39.1455
Arizona,4.0,"Navajo County, AZ",4017.0,2007.0,2007.0,Nov,11.0,74.5441,30.6911
Arizona,4.0,"Navajo County, AZ",4017.0,2007.0,2007.0,Dec,12.0,45.2766,18.7938
Arizona,4.0,"Navajo County, AZ",4017.0,2008.0,2008.0,Jan,1.0,41.7679,12.5569
Arizona,4.0,"Navajo County, AZ",4017.0,2008.0,2008.0,Feb,2.0,53.6375,22.3581
Arizona,4.0,"Navajo County, AZ",4017.0,2008.0,2008.0,Mar,3.0,80.3824,26.3546
Arizona,4.0,"Navajo County, AZ",4017.0,2008.0,2008.0,Apr,4.0,94.2404,31.5707
Arizona,4.0,"Navajo County, AZ",4017.0,2008.0,2008.0,May,5.0,105.1137,39.4082
Arizona,4.0,"Navajo County, AZ",4017.0,2008.0,2008.0,Jun,6.0,118.1953,51.5301
Arizona,4.0,"Navajo County, AZ",4017.0,2008.0,2008.0,Jul,7.0,115.4282,59.5099
Arizona,4.0,"Navajo County, AZ",4017.0,2008.0,2008.0,Aug,8.0,111.131,58.0438
Arizona,4.0,"Navajo County, AZ",4017.0,2008.0,2008.0,Sep,9.0,100.9309,51.3373
Arizona,4.0,"Navajo County, AZ",4017.0,2008.0,2008.0,Oct,10.0,86.4351,37.5334
Arizona,4.0,"Navajo County, AZ",4017.0,2008.0,2008.0,Nov,11.0,70.4479,28.7241
Arizona,4.0,"Navajo County, AZ",4017.0,2008.0,2008.0,Dec,12.0,49.032,21.0691
Arizona,4.0,"Pima County, AZ",4019.0,2003.0,2003.0,Jan,1.0,81.3609,39.277
Arizona,4.0,"Pima County, AZ",4019.0,2003.0,2003.0,Feb,2.0,78.1487,38.0133
Arizona,4.0,"Pima County, AZ",4019.0,2003.0,2003.0,Mar,3.0,95.1787,43.565
Arizona,4.0,"Pima County, AZ",4019.0,2003.0,2003.0,Apr,4.0,107.067,47.553
Arizona,4.0,"Pima County, AZ",4019.0,2003.0,2003.0,May,5.0,120.4199,57.1908
Arizona,4.0,"Pima County, AZ",4019.0,2003.0,2003.0,Jun,6.0,130.2599,66.4377
Arizona,4.0,"Pima County, AZ",4019.0,2003.0,2003.0,Jul,7.0,127.7966,73.0127
Arizona,4.0,"Pima County, AZ",4019.0,2003.0,2003.0,Aug,8.0,116.6468,72.0603
Arizona,4.0,"Pima County, AZ",4019.0,2003.0,2003.0,Sep,9.0,115.3532,68.9394
Arizona,4.0,"Pima County, AZ",4019.0,2003.0,2003.0,Oct,10.0,102.8361,60.8916
Arizona,4.0,"Pima County, AZ",4019.0,2003.0,2003.0,Nov,11.0,80.8573,41.1688
Arizona,4.0,"Pima County, AZ",4019.0,2003.0,2003.0,Dec,12.0,72.8105,34.633
Arizona,4.0,"Pima County, AZ",4019.0,2004.0,2004.0,Jan,1.0,72.5798,36.3104
Arizona,4.0,"Pima County, AZ",4019.0,2004.0,2004.0,Feb,2.0,78.3174,34.3857
Arizona,4.0,"Pima County, AZ",4019.0,2004.0,2004.0,Mar,3.0,100.9042,49.9054
Arizona,4.0,"Pima County, AZ",4019.0,2004.0,2004.0,Apr,4.0,106.9129,51.429
Arizona,4.0,"Pima County, AZ",4019.0,2004.0,2004.0,May,5.0,121.7051,59.0188
Arizona,4.0,"Pima County, AZ",4019.0,2004.0,2004.0,Jun,6.0,129.1122,66.1178
Arizona,4.0,"Pima County, AZ",4019.0,2004.0,2004.0,Jul,7.0,125.2738,69.8905
Arizona,4.0,"Pima County, AZ",4019.0,2004.0,2004.0,Aug,8.0,119.3879,70.5374
Arizona,4.0,"Pima County, AZ",4019.0,2004.0,2004.0,Sep,9.0,115.804,66.3291
Arizona,4.0,"Pima County, AZ",4019.0,2004.0,2004.0,Oct,10.0,99.526,54.2565
Arizona,4.0,"Pima County, AZ",4019.0,2004.0,2004.0,Nov,11.0,76.2104,40.1336
Arizona,4.0,"Pima County, AZ",4019.0,2004.0,2004.0,Dec,12.0,70.2914,36.7553
Arizona,4.0,"Pima County, AZ",4019.0,2005.0,2005.0,Jan,1.0,69.1509,38.6539
Arizona,4.0,"Pima County, AZ",4019.0,2005.0,2005.0,Feb,2.0,71.1857,40.2317
Arizona,4.0,"Pima County, AZ",4019.0,2005.0,2005.0,Mar,3.0,89.5735,43.5039
Arizona,4.0,"Pima County, AZ",4019.0,2005.0,2005.0,Apr,4.0,106.5419,49.2799
Arizona,4.0,"Pima County, AZ",4019.0,2005.0,2005.0,May,5.0,120.0709,59.3662
Arizona,4.0,"Pima County, AZ",4019.0,2005.0,2005.0,Jun,6.0,128.0682,67.1851
Arizona,4.0,"Pima County, AZ",4019.0,2005.0,2005.0,Jul,7.0,130.6478,74.3112
Arizona,4.0,"Pima County, AZ",4019.0,2005.0,2005.0,Aug,8.0,114.7389,72.3947
Arizona,4.0,"Pima County, AZ",4019.0,2005.0,2005.0,Sep,9.0,116.953,67.6073
Arizona,4.0,"Pima County, AZ",4019.0,2005.0,2005.0,Oct,10.0,103.3452,57.5099
Arizona,4.0,"Pima County, AZ",4019.0,2005.0,2005.0,Nov,11.0,88.3885,45.0641
Arizona,4.0,"Pima County, AZ",4019.0,2005.0,2005.0,Dec,12.0,78.422,35.6883
Arizona,4.0,"Pima County, AZ",4019.0,2006.0,2006.0,Jan,1.0,80.299,35.2354
Arizona,4.0,"Pima County, AZ",4019.0,2006.0,2006.0,Feb,2.0,89.0322,38.3257
Arizona,4.0,"Pima County, AZ",4019.0,2006.0,2006.0,Mar,3.0,90.2913,40.018
Arizona,4.0,"Pima County, AZ",4019.0,2006.0,2006.0,Apr,4.0,109.2432,49.3415
Arizona,4.0,"Pima County, AZ",4019.0,2006.0,2006.0,May,5.0,124.2205,59.8885
Arizona,4.0,"Pima County, AZ",4019.0,2006.0,2006.0,Jun,6.0,130.4794,69.3387
Arizona,4.0,"Pima County, AZ",4019.0,2006.0,2006.0,Jul,7.0,124.6567,75.18
Arizona,4.0,"Pima County, AZ",4019.0,2006.0,2006.0,Aug,8.0,114.9492,71.2199
Arizona,4.0,"Pima County, AZ",4019.0,2006.0,2006.0,Sep,9.0,107.2822,64.9618
Arizona,4.0,"Pima County, AZ",4019.0,2006.0,2006.0,Oct,10.0,99.0788,53.1291
Arizona,4.0,"Pima County, AZ",4019.0,2006.0,2006.0,Nov,11.0,91.0875,45.7197
Arizona,4.0,"Pima County, AZ",4019.0,2006.0,2006.0,Dec,12.0,75.5436,34.2467
Arizona,4.0,"Pima County, AZ",4019.0,2007.0,2007.0,Jan,1.0,70.549,32.2364
Arizona,4.0,"Pima County, AZ",4019.0,2007.0,2007.0,Feb,2.0,85.2653,37.53
Arizona,4.0,"Pima County, AZ",4019.0,2007.0,2007.0,Mar,3.0,101.2994,45.1188
Arizona,4.0,"Pima County, AZ",4019.0,2007.0,2007.0,Apr,4.0,108.1057,50.2462
Arizona,4.0,"Pima County, AZ",4019.0,2007.0,2007.0,May,5.0,121.7124,59.008
Arizona,4.0,"Pima County, AZ",4019.0,2007.0,2007.0,Jun,6.0,130.054,67.3532
Arizona,4.0,"Pima County, AZ",4019.0,2007.0,2007.0,Jul,7.0,127.8109,73.1629
Arizona,4.0,"Pima County, AZ",4019.0,2007.0,2007.0,Aug,8.0,115.0896,73.5986
Arizona,4.0,"Pima County, AZ",4019.0,2007.0,2007.0,Sep,9.0,111.8862,67.9429
Arizona,4.0,"Pima County, AZ",4019.0,2007.0,2007.0,Oct,10.0,102.5033,54.8168
Arizona,4.0,"Pima County, AZ",4019.0,2007.0,2007.0,Nov,11.0,92.7711,48.8344
Arizona,4.0,"Pima County, AZ",4019.0,2007.0,2007.0,Dec,12.0,65.6708,34.2931
Arizona,4.0,"Pima County, AZ",4019.0,2008.0,2008.0,Jan,1.0,69.7302,33.173
Arizona,4.0,"Pima County, AZ",4019.0,2008.0,2008.0,Feb,2.0,80.8598,38.0931
Arizona,4.0,"Pima County, AZ",4019.0,2008.0,2008.0,Mar,3.0,99.642,42.91
Arizona,4.0,"Pima County, AZ",4019.0,2008.0,2008.0,Apr,4.0,111.491,49.5785
Arizona,4.0,"Pima County, AZ",4019.0,2008.0,2008.0,May,5.0,118.9973,55.6615
Arizona,4.0,"Pima County, AZ",4019.0,2008.0,2008.0,Jun,6.0,130.6506,68.9709
Arizona,4.0,"Pima County, AZ",4019.0,2008.0,2008.0,Jul,7.0,120.3791,73.0283
Arizona,4.0,"Pima County, AZ",4019.0,2008.0,2008.0,Aug,8.0,115.1608,73.0234
Arizona,4.0,"Pima County, AZ",4019.0,2008.0,2008.0,Sep,9.0,110.0698,68.757
Arizona,4.0,"Pima County, AZ",4019.0,2008.0,2008.0,Oct,10.0,104.3997,56.3887
Arizona,4.0,"Pima County, AZ",4019.0,2008.0,2008.0,Nov,11.0,87.7214,45.9296
Arizona,4.0,"Pima County, AZ",4019.0,2008.0,2008.0,Dec,12.0,70.7587,37.3904
Arizona,4.0,"Pinal County, AZ",4021.0,2003.0,2003.0,Jan,1.0,79.6517,39.4714
Arizona,4.0,"Pinal County, AZ",4021.0,2003.0,2003.0,Feb,2.0,77.9253,38.3281
Arizona,4.0,"Pinal County, AZ",4021.0,2003.0,2003.0,Mar,3.0,90.7111,44.6079
Arizona,4.0,"Pinal County, AZ",4021.0,2003.0,2003.0,Apr,4.0,104.2713,48.6974
Arizona,4.0,"Pinal County, AZ",4021.0,2003.0,2003.0,May,5.0,118.5693,59.3753
Arizona,4.0,"Pinal County, AZ",4021.0,2003.0,2003.0,Jun,6.0,129.0184,68.5909
Arizona,4.0,"Pinal County, AZ",4021.0,2003.0,2003.0,Jul,7.0,128.054,75.354
Arizona,4.0,"Pinal County, AZ",4021.0,2003.0,2003.0,Aug,8.0,121.9952,74.1596
Arizona,4.0,"Pinal County, AZ",4021.0,2003.0,2003.0,Sep,9.0,117.0078,69.8312
Arizona,4.0,"Pinal County, AZ",4021.0,2003.0,2003.0,Oct,10.0,106.6512,61.49
Arizona,4.0,"Pinal County, AZ",4021.0,2003.0,2003.0,Nov,11.0,80.9076,41.146
Arizona,4.0,"Pinal County, AZ",4021.0,2003.0,2003.0,Dec,12.0,71.078,34.4467
Arizona,4.0,"Pinal County, AZ",4021.0,2004.0,2004.0,Jan,1.0,70.9118,35.9831
Arizona,4.0,"Pinal County, AZ",4021.0,2004.0,2004.0,Feb,2.0,75.7406,34.5409
Arizona,4.0,"Pinal County, AZ",4021.0,2004.0,2004.0,Mar,3.0,97.8736,50.4805
Arizona,4.0,"Pinal County, AZ",4021.0,2004.0,2004.0,Apr,4.0,105.3249,52.4929
Arizona,4.0,"Pinal County, AZ",4021.0,2004.0,2004.0,May,5.0,121.1654,60.7699
Arizona,4.0,"Pinal County, AZ",4021.0,2004.0,2004.0,Jun,6.0,129.2973,68.1408
Arizona,4.0,"Pinal County, AZ",4021.0,2004.0,2004.0,Jul,7.0,127.016,71.8935
Arizona,4.0,"Pinal County, AZ",4021.0,2004.0,2004.0,Aug,8.0,121.0125,71.9635
Arizona,4.0,"Pinal County, AZ",4021.0,2004.0,2004.0,Sep,9.0,116.1314,66.9695
Arizona,4.0,"Pinal County, AZ",4021.0,2004.0,2004.0,Oct,10.0,99.4262,55.2339
Arizona,4.0,"Pinal County, AZ",4021.0,2004.0,2004.0,Nov,11.0,76.1012,41.3391
Arizona,4.0,"Pinal County, AZ",4021.0,2004.0,2004.0,Dec,12.0,68.9989,36.3941
Arizona,4.0,"Pinal County, AZ",4021.0,2005.0,2005.0,Jan,1.0,68.1331,38.6782
Arizona,4.0,"Pinal County, AZ",4021.0,2005.0,2005.0,Feb,2.0,70.1526,40.2829
Arizona,4.0,"Pinal County, AZ",4021.0,2005.0,2005.0,Mar,3.0,83.7856,44.0867
Arizona,4.0,"Pinal County, AZ",4021.0,2005.0,2005.0,Apr,4.0,102.659,50.2872
Arizona,4.0,"Pinal County, AZ",4021.0,2005.0,2005.0,May,5.0,117.8664,60.6012
Arizona,4.0,"Pinal County, AZ",4021.0,2005.0,2005.0,Jun,6.0,126.3922,68.7927
Arizona,4.0,"Pinal County, AZ",4021.0,2005.0,2005.0,Jul,7.0,129.9808,75.5525
Arizona,4.0,"Pinal County, AZ",4021.0,2005.0,2005.0,Aug,8.0,117.3123,73.7882
Arizona,4.0,"Pinal County, AZ",4021.0,2005.0,2005.0,Sep,9.0,116.5958,67.7381
Arizona,4.0,"Pinal County, AZ",4021.0,2005.0,2005.0,Oct,10.0,102.9254,58.6433
Arizona,4.0,"Pinal County, AZ",4021.0,2005.0,2005.0,Nov,11.0,87.5954,45.6558
Arizona,4.0,"Pinal County, AZ",4021.0,2005.0,2005.0,Dec,12.0,76.8801,35.5446
Arizona,4.0,"Pinal County, AZ",4021.0,2006.0,2006.0,Jan,1.0,78.3329,35.8399
Arizona,4.0,"Pinal County, AZ",4021.0,2006.0,2006.0,Feb,2.0,87.2929,39.4362
Arizona,4.0,"Pinal County, AZ",4021.0,2006.0,2006.0,Mar,3.0,88.5644,41.2681
Arizona,4.0,"Pinal County, AZ",4021.0,2006.0,2006.0,Apr,4.0,107.1098,50.6368
Arizona,4.0,"Pinal County, AZ",4021.0,2006.0,2006.0,May,5.0,123.3231,61.7602
Arizona,4.0,"Pinal County, AZ",4021.0,2006.0,2006.0,Jun,6.0,130.1668,70.9722
Arizona,4.0,"Pinal County, AZ",4021.0,2006.0,2006.0,Jul,7.0,126.9342,76.801
Arizona,4.0,"Pinal County, AZ",4021.0,2006.0,2006.0,Aug,8.0,114.5625,72.6115
Arizona,4.0,"Pinal County, AZ",4021.0,2006.0,2006.0,Sep,9.0,108.4669,65.551
Arizona,4.0,"Pinal County, AZ",4021.0,2006.0,2006.0,Oct,10.0,98.1898,53.9259
Arizona,4.0,"Pinal County, AZ",4021.0,2006.0,2006.0,Nov,11.0,89.2818,46.1165
Arizona,4.0,"Pinal County, AZ",4021.0,2006.0,2006.0,Dec,12.0,72.4308,34.3149
Arizona,4.0,"Pinal County, AZ",4021.0,2007.0,2007.0,Jan,1.0,67.8836,32.7483
Arizona,4.0,"Pinal County, AZ",4021.0,2007.0,2007.0,Feb,2.0,81.2373,38.2335
Arizona,4.0,"Pinal County, AZ",4021.0,2007.0,2007.0,Mar,3.0,97.9151,46.2274
Arizona,4.0,"Pinal County, AZ",4021.0,2007.0,2007.0,Apr,4.0,105.3396,51.5269
Arizona,4.0,"Pinal County, AZ",4021.0,2007.0,2007.0,May,5.0,120.2052,61.2102
Arizona,4.0,"Pinal County, AZ",4021.0,2007.0,2007.0,Jun,6.0,128.6521,68.775
Arizona,4.0,"Pinal County, AZ",4021.0,2007.0,2007.0,Jul,7.0,127.5918,75.0041
Arizona,4.0,"Pinal County, AZ",4021.0,2007.0,2007.0,Aug,8.0,120.0005,75.8905
Arizona,4.0,"Pinal County, AZ",4021.0,2007.0,2007.0,Sep,9.0,114.7306,68.6164
Arizona,4.0,"Pinal County, AZ",4021.0,2007.0,2007.0,Oct,10.0,101.4938,56.1226
Arizona,4.0,"Pinal County, AZ",4021.0,2007.0,2007.0,Nov,11.0,91.7841,49.4568
Arizona,4.0,"Pinal County, AZ",4021.0,2007.0,2007.0,Dec,12.0,64.2462,33.9892
Arizona,4.0,"Pinal County, AZ",4021.0,2008.0,2008.0,Jan,1.0,66.2069,33.4001
Arizona,4.0,"Pinal County, AZ",4021.0,2008.0,2008.0,Feb,2.0,76.4539,37.6972
Arizona,4.0,"Pinal County, AZ",4021.0,2008.0,2008.0,Mar,3.0,95.6751,43.743
Arizona,4.0,"Pinal County, AZ",4021.0,2008.0,2008.0,Apr,4.0,108.3393,51.0628
Arizona,4.0,"Pinal County, AZ",4021.0,2008.0,2008.0,May,5.0,116.0368,57.2596
Arizona,4.0,"Pinal County, AZ",4021.0,2008.0,2008.0,Jun,6.0,128.5668,69.6487
Arizona,4.0,"Pinal County, AZ",4021.0,2008.0,2008.0,Jul,7.0,122.5629,74.3742
Arizona,4.0,"Pinal County, AZ",4021.0,2008.0,2008.0,Aug,8.0,118.3645,74.9133
Arizona,4.0,"Pinal County, AZ",4021.0,2008.0,2008.0,Sep,9.0,112.7139,69.66
Arizona,4.0,"Pinal County, AZ",4021.0,2008.0,2008.0,Oct,10.0,103.2359,56.8027
Arizona,4.0,"Pinal County, AZ",4021.0,2008.0,2008.0,Nov,11.0,86.0879,46.2713
Arizona,4.0,"Pinal County, AZ",4021.0,2008.0,2008.0,Dec,12.0,68.521,37.2862
Arizona,4.0,"Santa Cruz County, AZ",4023.0,2003.0,2003.0,Jan,1.0,79.2927,36.5092
Arizona,4.0,"Santa Cruz County, AZ",4023.0,2003.0,2003.0,Feb,2.0,73.5408,35.8074
Arizona,4.0,"Santa Cruz County, AZ",4023.0,2003.0,2003.0,Mar,3.0,88.17,39.3723
Arizona,4.0,"Santa Cruz County, AZ",4023.0,2003.0,2003.0,Apr,4.0,100.0594,42.9822
Arizona,4.0,"Santa Cruz County, AZ",4023.0,2003.0,2003.0,May,5.0,112.2507,53.4616
Arizona,4.0,"Santa Cruz County, AZ",4023.0,2003.0,2003.0,Jun,6.0,121.9057,62.1591
Arizona,4.0,"Santa Cruz County, AZ",4023.0,2003.0,2003.0,Jul,7.0,114.7741,66.6121
Arizona,4.0,"Santa Cruz County, AZ",4023.0,2003.0,2003.0,Aug,8.0,102.3545,64.306
Arizona,4.0,"Santa Cruz County, AZ",4023.0,2003.0,2003.0,Sep,9.0,103.6327,62.4719
Arizona,4.0,"Santa Cruz County, AZ",4023.0,2003.0,2003.0,Oct,10.0,93.8834,56.4581
Arizona,4.0,"Santa Cruz County, AZ",4023.0,2003.0,2003.0,Nov,11.0,78.5336,40.2814
Arizona,4.0,"Santa Cruz County, AZ",4023.0,2003.0,2003.0,Dec,12.0,71.2672,35.7072
Arizona,4.0,"Santa Cruz County, AZ",4023.0,2004.0,2004.0,Jan,1.0,66.6721,35.0001
Arizona,4.0,"Santa Cruz County, AZ",4023.0,2004.0,2004.0,Feb,2.0,74.015,32.3866
Arizona,4.0,"Santa Cruz County, AZ",4023.0,2004.0,2004.0,Mar,3.0,92.9916,45.7866
Arizona,4.0,"Santa Cruz County, AZ",4023.0,2004.0,2004.0,Apr,4.0,96.7725,46.5402
Arizona,4.0,"Santa Cruz County, AZ",4023.0,2004.0,2004.0,May,5.0,112.6984,54.4394
Arizona,4.0,"Santa Cruz County, AZ",4023.0,2004.0,2004.0,Jun,6.0,120.2538,61.7583
Arizona,4.0,"Santa Cruz County, AZ",4023.0,2004.0,2004.0,Jul,7.0,112.4402,63.2712
Arizona,4.0,"Santa Cruz County, AZ",4023.0,2004.0,2004.0,Aug,8.0,103.6599,62.9146
Arizona,4.0,"Santa Cruz County, AZ",4023.0,2004.0,2004.0,Sep,9.0,104.9447,60.5584
Arizona,4.0,"Santa Cruz County, AZ",4023.0,2004.0,2004.0,Oct,10.0,92.5446,50.5462
Arizona,4.0,"Santa Cruz County, AZ",4023.0,2004.0,2004.0,Nov,11.0,72.7274,37.1494
Arizona,4.0,"Santa Cruz County, AZ",4023.0,2004.0,2004.0,Dec,12.0,68.7227,35.2798
Arizona,4.0,"Santa Cruz County, AZ",4023.0,2005.0,2005.0,Jan,1.0,68.8929,35.9884
Arizona,4.0,"Santa Cruz County, AZ",4023.0,2005.0,2005.0,Feb,2.0,67.8961,35.6365
Arizona,4.0,"Santa Cruz County, AZ",4023.0,2005.0,2005.0,Mar,3.0,84.734,39.4758
Arizona,4.0,"Santa Cruz County, AZ",4023.0,2005.0,2005.0,Apr,4.0,99.1539,45.1764
Arizona,4.0,"Santa Cruz County, AZ",4023.0,2005.0,2005.0,May,5.0,111.8808,54.499
Arizona,4.0,"Santa Cruz County, AZ",4023.0,2005.0,2005.0,Jun,6.0,119.7211,61.7215
Arizona,4.0,"Santa Cruz County, AZ",4023.0,2005.0,2005.0,Jul,7.0,120.4625,68.2719
Arizona,4.0,"Santa Cruz County, AZ",4023.0,2005.0,2005.0,Aug,8.0,98.1787,64.7588
Arizona,4.0,"Santa Cruz County, AZ",4023.0,2005.0,2005.0,Sep,9.0,102.3057,61.7527
Arizona,4.0,"Santa Cruz County, AZ",4023.0,2005.0,2005.0,Oct,10.0,92.8738,52.5035
Arizona,4.0,"Santa Cruz County, AZ",4023.0,2005.0,2005.0,Nov,11.0,82.5453,42.8601
Arizona,4.0,"Santa Cruz County, AZ",4023.0,2005.0,2005.0,Dec,12.0,75.1106,36.0359
Arizona,4.0,"Santa Cruz County, AZ",4023.0,2006.0,2006.0,Jan,1.0,76.1146,34.6675
Arizona,4.0,"Santa Cruz County, AZ",4023.0,2006.0,2006.0,Feb,2.0,82.782,37.2326
Arizona,4.0,"Santa Cruz County, AZ",4023.0,2006.0,2006.0,Mar,3.0,84.9516,36.8739
Arizona,4.0,"Santa Cruz County, AZ",4023.0,2006.0,2006.0,Apr,4.0,103.2122,45.6669
Arizona,4.0,"Santa Cruz County, AZ",4023.0,2006.0,2006.0,May,5.0,115.5386,55.8903
Arizona,4.0,"Santa Cruz County, AZ",4023.0,2006.0,2006.0,Jun,6.0,121.0778,64.1315
Arizona,4.0,"Santa Cruz County, AZ",4023.0,2006.0,2006.0,Jul,7.0,114.0889,67.4714
Arizona,4.0,"Santa Cruz County, AZ",4023.0,2006.0,2006.0,Aug,8.0,94.9507,63.0317
Arizona,4.0,"Santa Cruz County, AZ",4023.0,2006.0,2006.0,Sep,9.0,90.349,58.7831
Arizona,4.0,"Santa Cruz County, AZ",4023.0,2006.0,2006.0,Oct,10.0,88.1689,49.3975
Arizona,4.0,"Santa Cruz County, AZ",4023.0,2006.0,2006.0,Nov,11.0,83.4365,43.6536
Arizona,4.0,"Santa Cruz County, AZ",4023.0,2006.0,2006.0,Dec,12.0,70.5975,34.0396
Arizona,4.0,"Santa Cruz County, AZ",4023.0,2007.0,2007.0,Jan,1.0,63.4259,31.6265
Arizona,4.0,"Santa Cruz County, AZ",4023.0,2007.0,2007.0,Feb,2.0,79.3577,34.8979
Arizona,4.0,"Santa Cruz County, AZ",4023.0,2007.0,2007.0,Mar,3.0,93.229,40.8111
Arizona,4.0,"Santa Cruz County, AZ",4023.0,2007.0,2007.0,Apr,4.0,99.9463,45.8289
Arizona,4.0,"Santa Cruz County, AZ",4023.0,2007.0,2007.0,May,5.0,112.5671,54.4167
Arizona,4.0,"Santa Cruz County, AZ",4023.0,2007.0,2007.0,Jun,6.0,120.6158,62.9234
Arizona,4.0,"Santa Cruz County, AZ",4023.0,2007.0,2007.0,Jul,7.0,114.5967,65.5567
Arizona,4.0,"Santa Cruz County, AZ",4023.0,2007.0,2007.0,Aug,8.0,97.0199,65.4035
Arizona,4.0,"Santa Cruz County, AZ",4023.0,2007.0,2007.0,Sep,9.0,95.2779,62.3079
Arizona,4.0,"Santa Cruz County, AZ",4023.0,2007.0,2007.0,Oct,10.0,92.2973,51.6014
Arizona,4.0,"Santa Cruz County, AZ",4023.0,2007.0,2007.0,Nov,11.0,85.5989,46.5694
Arizona,4.0,"Santa Cruz County, AZ",4023.0,2007.0,2007.0,Dec,12.0,64.4845,33.9012
Arizona,4.0,"Santa Cruz County, AZ",4023.0,2008.0,2008.0,Jan,1.0,66.8525,31.7647
Arizona,4.0,"Santa Cruz County, AZ",4023.0,2008.0,2008.0,Feb,2.0,78.3451,35.6908
Arizona,4.0,"Santa Cruz County, AZ",4023.0,2008.0,2008.0,Mar,3.0,92.6164,38.8385
Arizona,4.0,"Santa Cruz County, AZ",4023.0,2008.0,2008.0,Apr,4.0,104.2416,44.662
Arizona,4.0,"Santa Cruz County, AZ",4023.0,2008.0,2008.0,May,5.0,110.1392,50.9743
Arizona,4.0,"Santa Cruz County, AZ",4023.0,2008.0,2008.0,Jun,6.0,121.5081,63.3088
Arizona,4.0,"Santa Cruz County, AZ",4023.0,2008.0,2008.0,Jul,7.0,99.4249,64.8641
Arizona,4.0,"Santa Cruz County, AZ",4023.0,2008.0,2008.0,Aug,8.0,94.2968,64.5827
Arizona,4.0,"Santa Cruz County, AZ",4023.0,2008.0,2008.0,Sep,9.0,93.6014,61.4209
Arizona,4.0,"Santa Cruz County, AZ",4023.0,2008.0,2008.0,Oct,10.0,93.1393,51.7362
Arizona,4.0,"Santa Cruz County, AZ",4023.0,2008.0,2008.0,Nov,11.0,80.4994,43.3522
Arizona,4.0,"Santa Cruz County, AZ",4023.0,2008.0,2008.0,Dec,12.0,68.3872,36.2761
Arizona,4.0,"Yavapai County, AZ",4025.0,2003.0,2003.0,Jan,1.0,69.0934,35.1612
Arizona,4.0,"Yavapai County, AZ",4025.0,2003.0,2003.0,Feb,2.0,67.1903,30.1382
Arizona,4.0,"Yavapai County, AZ",4025.0,2003.0,2003.0,Mar,3.0,78.8135,37.0237
Arizona,4.0,"Yavapai County, AZ",4025.0,2003.0,2003.0,Apr,4.0,89.2264,40.1902
Arizona,4.0,"Yavapai County, AZ",4025.0,2003.0,2003.0,May,5.0,105.874,51.4299
Arizona,4.0,"Yavapai County, AZ",4025.0,2003.0,2003.0,Jun,6.0,118.3072,60.5247
Arizona,4.0,"Yavapai County, AZ",4025.0,2003.0,2003.0,Jul,7.0,122.0203,66.8225
Arizona,4.0,"Yavapai County, AZ",4025.0,2003.0,2003.0,Aug,8.0,110.2785,66.0434
Arizona,4.0,"Yavapai County, AZ",4025.0,2003.0,2003.0,Sep,9.0,105.2637,60.8572
Arizona,4.0,"Yavapai County, AZ",4025.0,2003.0,2003.0,Oct,10.0,97.0953,53.9535
Arizona,4.0,"Yavapai County, AZ",4025.0,2003.0,2003.0,Nov,11.0,65.7547,34.3486
Arizona,4.0,"Yavapai County, AZ",4025.0,2003.0,2003.0,Dec,12.0,58.9406,29.8691
Arizona,4.0,"Yavapai County, AZ",4025.0,2004.0,2004.0,Jan,1.0,62.0572,30.3474
Arizona,4.0,"Yavapai County, AZ",4025.0,2004.0,2004.0,Feb,2.0,63.9002,27.4264
Arizona,4.0,"Yavapai County, AZ",4025.0,2004.0,2004.0,Mar,3.0,91.1513,43.5004
Arizona,4.0,"Yavapai County, AZ",4025.0,2004.0,2004.0,Apr,4.0,93.0004,44.6383
Arizona,4.0,"Yavapai County, AZ",4025.0,2004.0,2004.0,May,5.0,109.4498,52.2728
Arizona,4.0,"Yavapai County, AZ",4025.0,2004.0,2004.0,Jun,6.0,119.4177,59.5152
Arizona,4.0,"Yavapai County, AZ",4025.0,2004.0,2004.0,Jul,7.0,118.5381,63.5586
Arizona,4.0,"Yavapai County, AZ",4025.0,2004.0,2004.0,Aug,8.0,112.3412,63.2306
Arizona,4.0,"Yavapai County, AZ",4025.0,2004.0,2004.0,Sep,9.0,105.7242,58.1989
Arizona,4.0,"Yavapai County, AZ",4025.0,2004.0,2004.0,Oct,10.0,86.6747,48.1651
Arizona,4.0,"Yavapai County, AZ",4025.0,2004.0,2004.0,Nov,11.0,61.5096,35.6711
Arizona,4.0,"Yavapai County, AZ",4025.0,2004.0,2004.0,Dec,12.0,60.1539,31.1394
Arizona,4.0,"Yavapai County, AZ",4025.0,2005.0,2005.0,Jan,1.0,59.3806,34.0043
Arizona,4.0,"Yavapai County, AZ",4025.0,2005.0,2005.0,Feb,2.0,59.1137,32.6221
Arizona,4.0,"Yavapai County, AZ",4025.0,2005.0,2005.0,Mar,3.0,73.7623,36.8591
Arizona,4.0,"Yavapai County, AZ",4025.0,2005.0,2005.0,Apr,4.0,88.6323,41.3029
Arizona,4.0,"Yavapai County, AZ",4025.0,2005.0,2005.0,May,5.0,103.5064,52.1546
Arizona,4.0,"Yavapai County, AZ",4025.0,2005.0,2005.0,Jun,6.0,112.0294,58.8243
Arizona,4.0,"Yavapai County, AZ",4025.0,2005.0,2005.0,Jul,7.0,120.9231,66.3736
Arizona,4.0,"Yavapai County, AZ",4025.0,2005.0,2005.0,Aug,8.0,103.9714,64.3504
Arizona,4.0,"Yavapai County, AZ",4025.0,2005.0,2005.0,Sep,9.0,103.9225,58.5702
Arizona,4.0,"Yavapai County, AZ",4025.0,2005.0,2005.0,Oct,10.0,88.6581,50.5627
Arizona,4.0,"Yavapai County, AZ",4025.0,2005.0,2005.0,Nov,11.0,72.7624,38.0421
Arizona,4.0,"Yavapai County, AZ",4025.0,2005.0,2005.0,Dec,12.0,64.6013,29.9813
Arizona,4.0,"Yavapai County, AZ",4025.0,2006.0,2006.0,Jan,1.0,66.3139,29.785
Arizona,4.0,"Yavapai County, AZ",4025.0,2006.0,2006.0,Feb,2.0,75.6382,32.4116
Arizona,4.0,"Yavapai County, AZ",4025.0,2006.0,2006.0,Mar,3.0,73.2069,34.3283
Arizona,4.0,"Yavapai County, AZ",4025.0,2006.0,2006.0,Apr,4.0,93.6721,42.9469
Arizona,4.0,"Yavapai County, AZ",4025.0,2006.0,2006.0,May,5.0,111.785,53.6979
Arizona,4.0,"Yavapai County, AZ",4025.0,2006.0,2006.0,Jun,6.0,120.994,62.1456
Arizona,4.0,"Yavapai County, AZ",4025.0,2006.0,2006.0,Jul,7.0,116.6633,66.9729
Arizona,4.0,"Yavapai County, AZ",4025.0,2006.0,2006.0,Aug,8.0,107.5554,64.2761
Arizona,4.0,"Yavapai County, AZ",4025.0,2006.0,2006.0,Sep,9.0,97.3256,56.3535
Arizona,4.0,"Yavapai County, AZ",4025.0,2006.0,2006.0,Oct,10.0,83.7617,45.4415
Arizona,4.0,"Yavapai County, AZ",4025.0,2006.0,2006.0,Nov,11.0,76.2199,39.1052
Arizona,4.0,"Yavapai County, AZ",4025.0,2006.0,2006.0,Dec,12.0,63.6425,28.2366
Arizona,4.0,"Yavapai County, AZ",4025.0,2007.0,2007.0,Jan,1.0,59.3262,26.766
Arizona,4.0,"Yavapai County, AZ",4025.0,2007.0,2007.0,Feb,2.0,68.4988,32.3839
Arizona,4.0,"Yavapai County, AZ",4025.0,2007.0,2007.0,Mar,3.0,88.4503,38.746
Arizona,4.0,"Yavapai County, AZ",4025.0,2007.0,2007.0,Apr,4.0,95.2341,43.1538
Arizona,4.0,"Yavapai County, AZ",4025.0,2007.0,2007.0,May,5.0,109.9652,52.9475
Arizona,4.0,"Yavapai County, AZ",4025.0,2007.0,2007.0,Jun,6.0,120.8455,59.7678
Arizona,4.0,"Yavapai County, AZ",4025.0,2007.0,2007.0,Jul,7.0,120.915,66.8826
Arizona,4.0,"Yavapai County, AZ",4025.0,2007.0,2007.0,Aug,8.0,111.124,66.6612
Arizona,4.0,"Yavapai County, AZ",4025.0,2007.0,2007.0,Sep,9.0,103.659,59.8234
Arizona,4.0,"Yavapai County, AZ",4025.0,2007.0,2007.0,Oct,10.0,89.0516,48.4302
Arizona,4.0,"Yavapai County, AZ",4025.0,2007.0,2007.0,Nov,11.0,79.6448,42.0885
Arizona,4.0,"Yavapai County, AZ",4025.0,2007.0,2007.0,Dec,12.0,55.1247,28.9541
Arizona,4.0,"Yavapai County, AZ",4025.0,2008.0,2008.0,Jan,1.0,55.408,25.8233
Arizona,4.0,"Yavapai County, AZ",4025.0,2008.0,2008.0,Feb,2.0,65.0772,31.7559
Arizona,4.0,"Yavapai County, AZ",4025.0,2008.0,2008.0,Mar,3.0,83.5309,36.0172
Arizona,4.0,"Yavapai County, AZ",4025.0,2008.0,2008.0,Apr,4.0,96.5473,41.7701
Arizona,4.0,"Yavapai County, AZ",4025.0,2008.0,2008.0,May,5.0,105.2508,48.5567
Arizona,4.0,"Yavapai County, AZ",4025.0,2008.0,2008.0,Jun,6.0,119.3123,60.2783
Arizona,4.0,"Yavapai County, AZ",4025.0,2008.0,2008.0,Jul,7.0,115.2069,66.0202
Arizona,4.0,"Yavapai County, AZ",4025.0,2008.0,2008.0,Aug,8.0,109.7795,65.2503
Arizona,4.0,"Yavapai County, AZ",4025.0,2008.0,2008.0,Sep,9.0,103.6887,59.8483
Arizona,4.0,"Yavapai County, AZ",4025.0,2008.0,2008.0,Oct,10.0,93.5981,49.589
Arizona,4.0,"Yavapai County, AZ",4025.0,2008.0,2008.0,Nov,11.0,77.3713,40.5949
Arizona,4.0,"Yavapai County, AZ",4025.0,2008.0,2008.0,Dec,12.0,56.7788,31.9394
Arizona,4.0,"Yuma County, AZ",4027.0,2003.0,2003.0,Jan,1.0,84.5322,42.083
Arizona,4.0,"Yuma County, AZ",4027.0,2003.0,2003.0,Feb,2.0,82.7123,39.9678
Arizona,4.0,"Yuma County, AZ",4027.0,2003.0,2003.0,Mar,3.0,99.0551,45.9412
Arizona,4.0,"Yuma County, AZ",4027.0,2003.0,2003.0,Apr,4.0,108.1311,49.3452
Arizona,4.0,"Yuma County, AZ",4027.0,2003.0,2003.0,May,5.0,120.7163,59.1282
Arizona,4.0,"Yuma County, AZ",4027.0,2003.0,2003.0,Jun,6.0,131.1213,68.1769
Arizona,4.0,"Yuma County, AZ",4027.0,2003.0,2003.0,Jul,7.0,132.2315,77.0119
Arizona,4.0,"Yuma County, AZ",4027.0,2003.0,2003.0,Aug,8.0,127.4397,77.7357
Arizona,4.0,"Yuma County, AZ",4027.0,2003.0,2003.0,Sep,9.0,124.0828,74.0745
Arizona,4.0,"Yuma County, AZ",4027.0,2003.0,2003.0,Oct,10.0,112.9635,64.7354
Arizona,4.0,"Yuma County, AZ",4027.0,2003.0,2003.0,Nov,11.0,83.2426,42.1176
Arizona,4.0,"Yuma County, AZ",4027.0,2003.0,2003.0,Dec,12.0,76.0742,35.4308
Arizona,4.0,"Yuma County, AZ",4027.0,2004.0,2004.0,Jan,1.0,77.6558,37.8608
Arizona,4.0,"Yuma County, AZ",4027.0,2004.0,2004.0,Feb,2.0,83.2094,36.6384
Arizona,4.0,"Yuma County, AZ",4027.0,2004.0,2004.0,Mar,3.0,108.1084,53.393
Arizona,4.0,"Yuma County, AZ",4027.0,2004.0,2004.0,Apr,4.0,111.8805,54.054
Arizona,4.0,"Yuma County, AZ",4027.0,2004.0,2004.0,May,5.0,124.418,61.2517
Arizona,4.0,"Yuma County, AZ",4027.0,2004.0,2004.0,Jun,6.0,130.4722,67.4747
Arizona,4.0,"Yuma County, AZ",4027.0,2004.0,2004.0,Jul,7.0,131.8567,75.1932
Arizona,4.0,"Yuma County, AZ",4027.0,2004.0,2004.0,Aug,8.0,129.1546,76.4875
Arizona,4.0,"Yuma County, AZ",4027.0,2004.0,2004.0,Sep,9.0,120.8555,69.4088
Arizona,4.0,"Yuma County, AZ",4027.0,2004.0,2004.0,Oct,10.0,103.0623,56.5826
Arizona,4.0,"Yuma County, AZ",4027.0,2004.0,2004.0,Nov,11.0,77.4384,43.7262
Arizona,4.0,"Yuma County, AZ",4027.0,2004.0,2004.0,Dec,12.0,70.4717,38.3082
Arizona,4.0,"Yuma County, AZ",4027.0,2005.0,2005.0,Jan,1.0,71.9557,41.6885
Arizona,4.0,"Yuma County, AZ",4027.0,2005.0,2005.0,Feb,2.0,75.549,43.7065
Arizona,4.0,"Yuma County, AZ",4027.0,2005.0,2005.0,Mar,3.0,92.5914,46.988
Arizona,4.0,"Yuma County, AZ",4027.0,2005.0,2005.0,Apr,4.0,109.0681,51.7298
Arizona,4.0,"Yuma County, AZ",4027.0,2005.0,2005.0,May,5.0,121.8424,62.0849
Arizona,4.0,"Yuma County, AZ",4027.0,2005.0,2005.0,Jun,6.0,129.9155,69.885
Arizona,4.0,"Yuma County, AZ",4027.0,2005.0,2005.0,Jul,7.0,134.3975,78.6277
Arizona,4.0,"Yuma County, AZ",4027.0,2005.0,2005.0,Aug,8.0,126.433,78.1734
Arizona,4.0,"Yuma County, AZ",4027.0,2005.0,2005.0,Sep,9.0,123.6562,70.2725
Arizona,4.0,"Yuma County, AZ",4027.0,2005.0,2005.0,Oct,10.0,107.4299,60.5286
Arizona,4.0,"Yuma County, AZ",4027.0,2005.0,2005.0,Nov,11.0,90.5276,46.4679
Arizona,4.0,"Yuma County, AZ",4027.0,2005.0,2005.0,Dec,12.0,79.2943,37.5842
Arizona,4.0,"Yuma County, AZ",4027.0,2006.0,2006.0,Jan,1.0,81.0954,37.4898
Arizona,4.0,"Yuma County, AZ",4027.0,2006.0,2006.0,Feb,2.0,90.5084,40.2377
Arizona,4.0,"Yuma County, AZ",4027.0,2006.0,2006.0,Mar,3.0,94.7612,42.1926
Arizona,4.0,"Yuma County, AZ",4027.0,2006.0,2006.0,Apr,4.0,112.1072,52.0371
Arizona,4.0,"Yuma County, AZ",4027.0,2006.0,2006.0,May,5.0,126.7921,62.2316
Arizona,4.0,"Yuma County, AZ",4027.0,2006.0,2006.0,Jun,6.0,134.9836,73.045
Arizona,4.0,"Yuma County, AZ",4027.0,2006.0,2006.0,Jul,7.0,132.1686,80.349
Arizona,4.0,"Yuma County, AZ",4027.0,2006.0,2006.0,Aug,8.0,129.3481,77.2353
Arizona,4.0,"Yuma County, AZ",4027.0,2006.0,2006.0,Sep,9.0,117.7453,69.5271
Arizona,4.0,"Yuma County, AZ",4027.0,2006.0,2006.0,Oct,10.0,104.3554,56.1986
Arizona,4.0,"Yuma County, AZ",4027.0,2006.0,2006.0,Nov,11.0,93.2051,47.633
Arizona,4.0,"Yuma County, AZ",4027.0,2006.0,2006.0,Dec,12.0,77.3048,35.4774
Arizona,4.0,"Yuma County, AZ",4027.0,2007.0,2007.0,Jan,1.0,76.2983,33.4429
Arizona,4.0,"Yuma County, AZ",4027.0,2007.0,2007.0,Feb,2.0,88.5428,40.5728
Arizona,4.0,"Yuma County, AZ",4027.0,2007.0,2007.0,Mar,3.0,105.546,47.6439
Arizona,4.0,"Yuma County, AZ",4027.0,2007.0,2007.0,Apr,4.0,112.3518,52.2889
Arizona,4.0,"Yuma County, AZ",4027.0,2007.0,2007.0,May,5.0,124.3397,60.6179
Arizona,4.0,"Yuma County, AZ",4027.0,2007.0,2007.0,Jun,6.0,133.3798,68.4825
Arizona,4.0,"Yuma County, AZ",4027.0,2007.0,2007.0,Jul,7.0,131.1647,77.5326
Arizona,4.0,"Yuma County, AZ",4027.0,2007.0,2007.0,Aug,8.0,129.35,79.3767
Arizona,4.0,"Yuma County, AZ",4027.0,2007.0,2007.0,Sep,9.0,121.5898,71.3454
Arizona,4.0,"Yuma County, AZ",4027.0,2007.0,2007.0,Oct,10.0,107.1245,56.6682
Arizona,4.0,"Yuma County, AZ",4027.0,2007.0,2007.0,Nov,11.0,96.2605,49.0524
Arizona,4.0,"Yuma County, AZ",4027.0,2007.0,2007.0,Dec,12.0,69.5276,35.5525
Arizona,4.0,"Yuma County, AZ",4027.0,2008.0,2008.0,Jan,1.0,73.8035,35.4258
Arizona,4.0,"Yuma County, AZ",4027.0,2008.0,2008.0,Feb,2.0,86.6837,39.3999
Arizona,4.0,"Yuma County, AZ",4027.0,2008.0,2008.0,Mar,3.0,103.1507,45.5257
Arizona,4.0,"Yuma County, AZ",4027.0,2008.0,2008.0,Apr,4.0,113.0409,51.4044
Arizona,4.0,"Yuma County, AZ",4027.0,2008.0,2008.0,May,5.0,120.0025,58.3126
Arizona,4.0,"Yuma County, AZ",4027.0,2008.0,2008.0,Jun,6.0,133.3787,71.2407
Arizona,4.0,"Yuma County, AZ",4027.0,2008.0,2008.0,Jul,7.0,130.9518,77.4683
Arizona,4.0,"Yuma County, AZ",4027.0,2008.0,2008.0,Aug,8.0,126.5811,77.5029
Arizona,4.0,"Yuma County, AZ",4027.0,2008.0,2008.0,Sep,9.0,121.7348,73.8978
Arizona,4.0,"Yuma County, AZ",4027.0,2008.0,2008.0,Oct,10.0,109.2333,58.116
Arizona,4.0,"Yuma County, AZ",4027.0,2008.0,2008.0,Nov,11.0,91.468,48.3518
Arizona,4.0,"Yuma County, AZ",4027.0,2008.0,2008.0,Dec,12.0,71.7647,38.306
